AreaKey,regime,regime_local_k,unified_fitted_z,reference_independent_fitted_z,delta_fitted,unified_Intercept,reference_independent_Intercept,delta_Intercept,unified_PctFB,reference_independent_PctFB,delta_PctFB,unified_PctBlack,reference_independent_PctBlack,delta_PctBlack,unified_PctRural,reference_independent_PctRural,delta_PctRural
13001,6,21,-0.508281416741631,-0.5082814167416311,1.1102230246251565e-16,-0.2914399495514953,-0.2914399495514953,0.0,0.047318385946188576,0.0473183859461886,-2.0816681711721685e-17,0.278431094861731,0.278431094861731,0.0,-0.455536019268502,-0.4555360192685021,1.1102230246251565e-16
13003,6,21,-0.7487108955295299,-0.7487108955295299,0.0,-0.23179684233776016,-0.2317968423377601,-5.551115123125783e-17,0.26593614362228557,0.2659361436222854,1.6653345369377348e-16,0.26951410971116485,0.2695141097111647,1.6653345369377348e-16,-0.548505837628102,-0.548505837628102,0.0
13005,6,21,-0.3978491672599389,-0.3978491672599389,0.0,-0.2861073147149252,-0.2861073147149252,0.0,0.14432664230091843,0.1443266423009184,2.7755575615628914e-17,0.23835648266031015,0.23835648266031,1.3877787807814457e-16,-0.48997522939920446,-0.4899752293992044,-5.551115123125783e-17
13007,2,19,-0.4843255508317834,-0.4843255508317833,-1.1102230246251565e-16,-0.44318239924694447,-0.4431823992469444,-5.551115123125783e-17,0.022100220635692863,0.0221002206356928,6.245004513516506e-17,0.24886676666946367,0.2488667666694637,-2.7755575615628914e-17,-0.3365493457759026,-0.3365493457759025,-1.1102230246251565e-16
13009,5,27,0.5392697686751088,0.5392697686751088,0.0,0.08197483754674162,0.0819748375467415,1.249000902703301e-16,0.24457422643103632,0.2445742264310363,2.7755575615628914e-17,-0.112535322693925,-0.112535322693925,0.0,-0.4869844329522069,-0.4869844329522069,0.0
13011,1,53,-0.4663812861885074,-0.4663812861885076,2.220446049250313e-16,0.34789993482219045,0.3478999348221901,3.3306690738754696e-16,0.6624964861831252,0.6624964861831252,0.0,-0.007117498582935311,-0.0071174985829352,-1.1102230246251565e-16,-0.36128529525712505,-0.3612852952571249,-1.6653345369377348e-16
13013,1,53,0.28999488417027425,0.2899948841702743,-5.551115123125783e-17,0.31512028549293114,0.3151202854929312,-5.551115123125783e-17,0.7050122900834345,0.7050122900834345,0.0,-0.03471338176777877,-0.0347133817677787,-6.938893903907228e-17,-0.30837280336610684,-0.3083728033661066,-2.220446049250313e-16
13015,1,53,-0.12443306324747,-0.1244330632474701,9.71445146547012e-17,0.10901671031057625,0.1090167103105761,1.5265566588595902e-16,0.784774973240174,0.7847749732401741,-1.1102230246251565e-16,-0.0146347911356568,-0.0146347911356567,-9.8879238130678e-17,-0.2727310546184291,-0.2727310546184291,0.0
13017,2,19,-0.3909592099601823,-0.3909592099601823,0.0,-0.4557147867367045,-0.4557147867367045,0.0,0.2828142028263267,0.2828142028263267,0.0,0.3082692946978667,0.3082692946978667,0.0,-0.20809612336541797,-0.2080961233654178,-1.6653345369377348e-16
13019,2,19,-0.6699118498703864,-0.6699118498703865,1.1102230246251565e-16,-0.48579882440853717,-0.4857988244085371,-5.551115123125783e-17,0.2423678032663487,0.2423678032663487,0.0,0.2576402195655412,0.2576402195655412,0.0,-0.26361252566162796,-0.2636125256616279,-5.551115123125783e-17
13021,5,27,0.9077033795203985,0.9077033795203986,-1.1102230246251565e-16,0.06683726562333281,0.0668372656233328,1.3877787807814457e-17,0.2866183018222171,0.2866183018222172,-1.1102230246251565e-16,-0.1047538453846518,-0.1047538453846518,0.0,-0.4714382012147063,-0.4714382012147063,0.0
13023,3,17,-0.1917620269947562,-0.1917620269947561,-8.326672684688674e-17,-0.14724964291149356,-0.1472496429114935,-5.551115123125783e-17,0.44663349641631295,0.446633496416313,-5.551115123125783e-17,0.08949907248556993,0.0894990724855699,2.7755575615628914e-17,-0.35082291052108366,-0.3508229105210837,5.551115123125783e-17
13025,6,21,-1.2185685108283115,-1.2185685108283113,-2.220446049250313e-16,-0.20066718548925225,-0.2006671854892522,-5.551115123125783e-17,0.08618465442077174,0.0861846544207717,4.163336342344337e-17,0.23343752403196288,0.2334375240319629,-2.7755575615628914e-17,-0.5929446544547902,-0.59294465445479,-1.1102230246251565e-16
13027,2,19,-0.23163885913452503,-0.231638859134525,-2.7755575615628914e-17,-0.5799371938528884,-0.5799371938528884,0.0,0.17169744476304166,0.1716974447630416,5.551115123125783e-17,0.21289164749694872,0.2128916474969487,2.7755575615628914e-17,-0.5174760870907595,-0.5174760870907595,0.0
13029,6,21,-0.505155219779464,-0.505155219779464,0.0,-0.15609148349064988,-0.1560914834906498,-8.326672684688674e-17,-0.10852994176632078,-0.1085299417663207,-6.938893903907228e-17,0.2440481831144118,0.2440481831144118,0.0,-0.6024545439835788,-0.6024545439835788,0.0
13031,4,22,0.033445182696095394,0.0334451826960954,-6.938893903907228e-18,-0.05706660952438242,-0.0570666095243823,-1.1796119636642288e-16,0.02140856644044259,0.0214085664404425,9.020562075079397e-17,-0.09525722258964764,-0.0952572225896476,-4.163336342344337e-17,-0.31766062212588625,-0.3176606221258862,-5.551115123125783e-17
13033,5,27,-0.3520364382548032,-0.352036438254803,-1.6653345369377348e-16,0.14848164335903064,0.1484816433590307,-5.551115123125783e-17,0.41287695738062163,0.4128769573806214,2.220446049250313e-16,-0.16209100508656232,-0.1620910050865623,-2.7755575615628914e-17,-0.4289162630105161,-0.4289162630105162,1.1102230246251565e-16
13035,5,27,-0.1378062403485387,-0.1378062403485386,-8.326672684688674e-17,0.09088300372291136,0.0908830037229113,5.551115123125783e-17,0.3662573845219551,0.366257384521955,1.1102230246251565e-16,-0.11560397482569734,-0.1156039748256973,-4.163336342344337e-17,-0.44086012585454276,-0.4408601258545426,-1.6653345369377348e-16
13037,4,22,-0.47554022982199917,-0.475540229821999,-1.6653345369377348e-16,-0.04638499526717177,-0.0463849952671717,-6.938893903907228e-17,-0.09103048640583633,-0.0910304864058362,-1.249000902703301e-16,-0.1924154764506355,-0.1924154764506354,-1.1102230246251565e-16,-0.14092016680430863,-0.1409201668043086,-2.7755575615628914e-17
13039,6,21,0.3332259010258091,0.333225901025809,1.1102230246251565e-16,-0.14694297698751446,-0.1469429769875144,-5.551115123125783e-17,0.03095049437935994,0.0309504943793599,4.163336342344337e-17,0.2294404335085019,0.229440433508502,-8.326672684688674e-17,-0.6439986551180307,-0.6439986551180307,0.0
13043,4,22,0.12144989487742014,0.1214498948774201,4.163336342344337e-17,-0.060890832983934856,-0.0608908329839348,-5.551115123125783e-17,0.019151790220959614,0.0191517902209596,1.3877787807814457e-17,-0.1064097270078268,-0.1064097270078268,0.0,-0.30896313515887197,-0.3089631351588719,-5.551115123125783e-17
13045,1,53,-0.03066057411821141,-0.0306605741182112,-2.0816681711721685e-16,0.12867161645213993,0.12867161645214,-8.326672684688674e-17,0.8473589767716871,0.847358976771687,1.1102230246251565e-16,-0.0317341372825527,-0.0317341372825527,0.0,-0.19475022755452728,-0.1947502275545272,-8.326672684688674e-17
13047,1,53,-0.14191360273646766,-0.141913602736468,3.3306690738754696e-16,0.09950125083659833,0.099501250836598,3.3306690738754696e-16,0.7697483622527148,0.7697483622527147,1.1102230246251565e-16,0.026084789428925337,0.0260847894289254,-6.245004513516506e-17,-0.2656272171994566,-0.2656272171994566,0.0
13049,6,21,-0.9700215929658402,-0.9700215929658402,0.0,-0.206250712900015,-0.206250712900015,0.0,0.21574556693980768,0.2157455669398076,8.326672684688674e-17,0.2339275021219766,0.2339275021219767,-8.326672684688674e-17,-0.5749265198761263,-0.5749265198761263,0.0
13051,6,21,1.3907172072141283,1.3907172072141285,-2.220446049250313e-16,-0.13957930216294873,-0.1395793021629487,-2.7755575615628914e-17,-0.12399920509189688,-0.1239992050918968,-8.326672684688674e-17,0.2274318691233877,0.2274318691233876,1.1102230246251565e-16,-0.615689322475015,-0.615689322475015,0.0
13053,3,17,1.80794191731843,1.80794191731843,0.0,0.022647517108068033,0.022647517108068,3.122502256758253e-17,0.28528144348062107,0.2852814434806211,-5.551115123125783e-17,-0.14565091261701119,-0.1456509126170111,-8.326672684688674e-17,-0.247155793834134,-0.2471557938341339,-8.326672684688674e-17
13055,1,53,-0.6494084549706566,-0.6494084549706565,-1.1102230246251565e-16,0.09651318445144086,0.0965131844514409,-4.163336342344337e-17,0.8009250950149611,0.8009250950149609,2.220446049250313e-16,0.013280115449516905,0.013280115449517,-9.540979117872439e-17,-0.25405547962480207,-0.254055479624802,-5.551115123125783e-17
13057,1,53,0.6367776157158975,0.6367776157158975,0.0,0.14776705541699586,0.1477670554169961,-2.498001805406602e-16,0.718636330287227,0.7186363302872268,1.1102230246251565e-16,-0.05087706904950884,-0.0508770690495087,-1.3877787807814457e-16,-0.3444734890274916,-0.3444734890274915,-1.1102230246251565e-16
13059,1,53,2.835287248501691,2.8352872485016904,4.440892098500626e-16,0.3180276084247533,0.3180276084247533,0.0,0.7157162742471097,0.7157162742471096,1.1102230246251565e-16,-0.03972916337519139,-0.0397291633751915,1.1102230246251565e-16,-0.295699115625923,-0.295699115625923,0.0
13061,4,22,-0.5207863857878443,-0.5207863857878444,1.1102230246251565e-16,-0.04369012348976521,-0.0436901234897652,-1.3877787807814457e-17,-0.09419413283205147,-0.0941941328320514,-6.938893903907228e-17,-0.196021587925406,-0.1960215879254059,-1.1102230246251565e-16,-0.13741185824661906,-0.1374118582466191,5.551115123125783e-17
13063,1,53,2.7235975190193162,2.723597519019316,4.440892098500626e-16,0.21085492388895016,0.2108549238889503,-1.3877787807814457e-16,0.8381596603712991,0.8381596603712991,0.0,-0.07472970150194563,-0.0747297015019456,-2.7755575615628914e-17,-0.1600732023375051,-0.160073202337505,-1.1102230246251565e-16
13065,6,21,-0.20782133506851821,-0.2078213350685182,-2.7755575615628914e-17,-0.20663463389104897,-0.2066346338910489,-5.551115123125783e-17,0.2944951786137466,0.2944951786137466,0.0,0.27487479609420595,0.274874796094206,-5.551115123125783e-17,-0.5702839688921585,-0.5702839688921585,0.0
13067,1,53,2.7277694008591853,2.7277694008591844,8.881784197001252e-16,0.1428796378828744,0.1428796378828743,8.326672684688674e-17,0.7911352041144477,0.7911352041144475,2.220446049250313e-16,-0.05751402858270804,-0.0575140285827081,5.551115123125783e-17,-0.2550912241486478,-0.2550912241486479,5.551115123125783e-17
13069,6,21,-0.09852718231232943,-0.0985271823123293,-1.249000902703301e-16,-0.24857679318068232,-0.2485767931806823,-2.7755575615628914e-17,0.24055326712842134,0.2405532671284214,-5.551115123125783e-17,0.26555741975460967,0.2655574197546096,5.551115123125783e-17,-0.5307445398265158,-0.5307445398265158,0.0
13071,2,19,-0.08273215922258581,-0.0827321592225858,-1.3877787807814457e-17,-0.5525310377825242,-0.5525310377825242,0.0,0.2436706599657717,0.2436706599657717,0.0,0.2963772255530165,0.2963772255530165,0.0,-0.3849377928209196,-0.3849377928209196,0.0
13073,5,27,1.7603873776582084,1.7603873776582086,-2.220446049250313e-16,0.16006020804948204,0.160060208049482,2.7755575615628914e-17,0.43457434045641025,0.4345743404564103,-5.551115123125783e-17,-0.1690354285894277,-0.1690354285894277,0.0,-0.4149243886815847,-0.4149243886815847,0.0
13075,2,19,-0.24167803695878967,-0.2416780369587897,2.7755575615628914e-17,-0.5183662654601817,-0.5183662654601817,0.0,0.22647523688840218,0.2264752368884021,8.326672684688674e-17,0.24450004500852562,0.2445000450085255,1.1102230246251565e-16,-0.3345255055870034,-0.3345255055870033,-1.1102230246251565e-16
13077,1,53,-0.08969147396425375,-0.0896914739642535,-2.498001805406602e-16,0.1612781616205245,0.1612781616205246,-1.1102230246251565e-16,0.8597886591437576,0.8597886591437577,-1.1102230246251565e-16,-0.05462318054778725,-0.0546231805477873,4.85722573273506e-17,-0.16014301680608756,-0.1601430168060875,-5.551115123125783e-17
13079,5,27,-0.49775195670831307,-0.4977519567083131,5.551115123125783e-17,0.06518671881675663,0.0651867188167566,2.7755575615628914e-17,0.3121824013183003,0.3121824013183002,5.551115123125783e-17,-0.10306147392550821,-0.1030614739255082,-1.3877787807814457e-17,-0.46456609766876217,-0.4645660976687621,-5.551115123125783e-17
13081,4,22,-0.0007556720816977447,-0.0007556720816976,-1.4474099002681484e-16,-0.059973990817140964,-0.0599739908171409,-6.245004513516506e-17,-0.053381866659873545,-0.0533818666598735,-4.163336342344337e-17,-0.16658991386263522,-0.1665899138626351,-1.1102230246251565e-16,-0.1870005333813165,-0.1870005333813165,0.0
13083,1,53,-0.44301409643234274,-0.4430140964323429,1.6653345369377348e-16,0.09434311286356845,0.0943431128635685,-5.551115123125783e-17,0.7911110223199265,0.7911110223199266,-1.1102230246251565e-16,0.028927926239167512,0.0289279262391675,1.0408340855860843e-17,-0.25407685341982483,-0.254076853419825,1.6653345369377348e-16
13085,1,53,-0.41452773784602703,-0.4145277378460276,5.551115123125783e-16,0.29395701348544534,0.2939570134854453,5.551115123125783e-17,0.6807476779358508,0.6807476779358509,-1.1102230246251565e-16,0.02224393779381384,0.022243937793814,-1.5959455978986625e-16,-0.3395161029941951,-0.3395161029941951,0.0
13087,2,19,-0.1217159316851438,-0.1217159316851438,0.0,-0.4221654314994716,-0.4221654314994716,0.0,-0.012622589284186404,-0.0126225892841863,-1.0408340855860843e-16,0.22212446790174697,0.2221244679017469,8.326672684688674e-17,-0.3322921613073303,-0.3322921613073303,0.0
13089,1,53,4.28086652932044,4.280866529320441,-8.881784197001252e-16,0.23497820401322123,0.2349782040132212,2.7755575615628914e-17,0.7890620733587406,0.7890620733587405,1.1102230246251565e-16,-0.06354685948220251,-0.0635468594822025,-1.3877787807814457e-17,-0.21599946706791834,-0.2159994670679184,5.551115123125783e-17
13091,4,22,-0.10398810636179923,-0.1039881063617992,-2.7755575615628914e-17,-0.09444210196164175,-0.0944421019616417,-5.551115123125783e-17,0.004456018086744534,0.0044560180867445,3.382710778154774e-17,-0.12895244452992263,-0.1289524445299226,-2.7755575615628914e-17,-0.25178835314634296,-0.2517883531463429,-5.551115123125783e-17
13093,4,22,-0.2579888345960322,-0.2579888345960322,0.0,-0.05625649689278383,-0.0562564968927838,-2.7755575615628914e-17,-0.04159170714294613,-0.0415917071429461,-3.469446951953614e-17,-0.16475432752694646,-0.1647543275269464,-5.551115123125783e-17,-0.19844943088795586,-0.1984494308879558,-5.551115123125783e-17
13095,2,19,0.6432384431267563,0.6432384431267563,0.0,-0.4877385922039752,-0.4877385922039751,-1.1102230246251565e-16,0.14161258364682316,0.1416125836468231,5.551115123125783e-17,0.3303584249011893,0.3303584249011893,0.0,-0.32278068512503694,-0.3227806851250369,-5.551115123125783e-17
13097,1,53,0.6664002834464683,0.666400283446468,3.3306690738754696e-16,0.13867098502699293,0.1386709850269928,1.3877787807814457e-16,0.8324930079668142,0.8324930079668141,1.1102230246251565e-16,-0.04851827904974004,-0.0485182790497398,-2.42861286636753e-16,-0.2058364877174985,-0.2058364877174985,0.0
13099,4,22,-0.0785279260347932,-0.0785279260347932,0.0,-0.046041448335410726,-0.0460414483354107,-2.7755575615628914e-17,-0.09966731105895593,-0.0996673110589558,-1.3877787807814457e-16,-0.19665927799869232,-0.1966592779986923,-2.7755575615628914e-17,-0.13203618237012843,-0.1320361823701284,-2.7755575615628914e-17
13101,6,21,-0.9683258860062137,-0.9683258860062136,-1.1102230246251565e-16,-0.19406596923583322,-0.1940659692358332,-2.7755575615628914e-17,0.320750197780123,0.320750197780123,0.0,0.28794015930113637,0.2879401593011365,-1.1102230246251565e-16,-0.5794692914100932,-0.5794692914100932,0.0
13103,4,22,-0.22539808101451717,-0.2253980810145172,2.7755575615628914e-17,-0.05411439847719511,-0.054114398477195,-1.1102230246251565e-16,0.02118622672030601,0.0211862267203059,1.1102230246251565e-16,-0.08317278497293579,-0.0831727849729358,1.3877787807814457e-17,-0.3253132053348483,-0.3253132053348483,0.0
13105,1,53,0.17338193061296603,0.173381930612966,2.7755575615628914e-17,0.3400893571719438,0.3400893571719438,0.0,0.6921142893210632,0.6921142893210632,0.0,-0.03604770057754009,-0.03604770057754,-9.020562075079397e-17,-0.32956860672317945,-0.3295686067231794,-5.551115123125783e-17
13107,3,17,-0.4425676490725177,-0.4425676490725176,-1.1102230246251565e-16,-0.04216874132196591,-0.0421687413219658,-1.1102230246251565e-16,0.8172063415318749,0.8172063415318749,0.0,0.06305967733242068,0.0630596773324206,8.326672684688674e-17,-0.2661164006807618,-0.2661164006807617,-1.1102230246251565e-16
13109,4,22,-0.4492525524973058,-0.4492525524973058,0.0,-0.06417855164267469,-0.0641785516426746,-9.71445146547012e-17,0.010182350335294577,0.0101823503352945,7.632783294297951e-17,-0.10014237535871351,-0.1001423753587135,-1.3877787807814457e-17,-0.31000213463664106,-0.310002134636641,-5.551115123125783e-17
13111,1,53,-0.4961423747935235,-0.4961423747935229,-6.106226635438361e-16,0.26844008520395335,0.2684400852039536,-2.7755575615628914e-16,0.7058297987642389,0.7058297987642389,0.0,0.08108143153696712,0.0810814315369669,2.220446049250313e-16,-0.2906964678280597,-0.2906964678280597,0.0
13113,1,53,1.5675738613768813,1.567573861376881,2.220446049250313e-16,0.19121446411971693,0.1912144641197168,1.3877787807814457e-16,0.8569310403861964,0.8569310403861964,0.0,-0.0726587554890511,-0.0726587554890509,-1.942890293094024e-16,-0.14571753356567194,-0.1457175335656718,-1.3877787807814457e-16
13115,1,53,0.38569396507789594,0.3856939650778959,5.551115123125783e-17,0.10025578344873887,0.1002557834487389,-2.7755575615628914e-17,0.808160302271667,0.8081603022716669,1.1102230246251565e-16,0.002760505970914151,0.0027605059709141,5.117434254131581e-17,-0.24938502967261772,-0.2493850296726176,-1.1102230246251565e-16
13117,1,53,0.03295050024544893,0.0329505002454492,-2.706168622523819e-16,0.2886387177985784,0.2886387177985785,-1.1102230246251565e-16,0.6715209034638809,0.6715209034638809,0.0,-0.02299835296296937,-0.0229983529629694,2.7755575615628914e-17,-0.3597542676757552,-0.3597542676757551,-1.1102230246251565e-16
13119,1,53,-0.23421706097632106,-0.2342170609763209,-1.6653345369377348e-16,0.3532769249443345,0.3532769249443346,-1.1102230246251565e-16,0.6629824720296794,0.6629824720296793,1.1102230246251565e-16,-0.0133170125572315,-0.0133170125572314,-1.0061396160665481e-16,-0.3636935957631168,-0.3636935957631167,-5.551115123125783e-17
13121,1,53,2.5646516406212103,2.56465164062121,4.440892098500626e-16,0.176908432187468,0.1769084321874679,8.326672684688674e-17,0.8203001027376862,0.820300102737686,1.1102230246251565e-16,-0.07384500536680516,-0.0738450053668051,-5.551115123125783e-17,-0.1996639256566552,-0.199663925656655,-1.942890293094024e-16
13123,1,53,-0.5771979412291807,-0.5771979412291807,0.0,0.2323798766225501,0.2323798766225498,3.0531133177191805e-16,0.7115884349631948,0.7115884349631949,-1.1102230246251565e-16,0.05389115564180491,0.0538911556418047,2.0816681711721685e-16,-0.30067165589960154,-0.3006716558996015,-5.551115123125783e-17
13125,5,27,-0.46117659325958144,-0.4611765932595814,-5.551115123125783e-17,0.13595162594967844,0.1359516259496784,2.7755575615628914e-17,0.4041092721038653,0.4041092721038653,0.0,-0.1463561675124519,-0.1463561675124519,0.0,-0.4421999642290025,-0.4421999642290025,0.0
13127,6,21,0.9793267098651658,0.979326709865166,-2.220446049250313e-16,-0.15366545775075752,-0.1536654577507575,-2.7755575615628914e-17,-0.06727666432331017,-0.0672766643233102,2.7755575615628914e-17,0.2250084815547704,0.2250084815547704,0.0,-0.6334910898367847,-0.6334910898367847,0.0
13129,1,53,-0.30199967055890026,-0.3019996705589004,1.6653345369377348e-16,0.10531501286201883,0.1053150128620189,-6.938893903907228e-17,0.7701966339531109,0.770196633953111,-1.1102230246251565e-16,0.0008930343725761514,0.0008930343725763,-1.4864411784776266e-16,-0.28137789347752584,-0.2813778934775259,5.551115123125783e-17
13131,2,19,-0.20174233941861322,-0.2017423394186132,-2.7755575615628914e-17,-0.4396574339735282,-0.4396574339735282,0.0,0.007121293496604564,0.0071212934966045,6.418476861114186e-17,0.2223842888849869,0.2223842888849869,0.0,-0.34264305636202225,-0.3426430563620222,-5.551115123125783e-17
13133,5,27,-0.3407352078391733,-0.3407352078391733,0.0,0.13685927657277216,0.1368592765727721,5.551115123125783e-17,0.4104581994992409,0.4104581994992409,0.0,-0.13761049120451743,-0.1376104912045174,-2.7755575615628914e-17,-0.4342113355728423,-0.4342113355728423,0.0
13135,1,53,3.242307446877332,3.2423074468773323,-4.440892098500626e-16,0.27926375619495214,0.2792637561949523,-1.6653345369377348e-16,0.7199028374284837,0.7199028374284838,-1.1102230246251565e-16,-0.04254065290097542,-0.0425406529009756,1.8041124150158794e-16,-0.29560925809990407,-0.295609258099904,-5.551115123125783e-17
13137,1,53,1.0472414502583458,1.0472414502583458,0.0,0.34537740919657905,0.345377409196579,5.551115123125783e-17,0.6714057248080203,0.6714057248080203,0.0,0.0323225351014772,0.0323225351014772,0.0,-0.3416749497664807,-0.3416749497664806,-1.1102230246251565e-16
13139,1,53,2.0612734060700033,2.061273406070003,4.440892098500626e-16,0.3350206045088716,0.3350206045088716,0.0,0.6644132160635758,0.6644132160635757,1.1102230246251565e-16,-0.0005942426145655322,-0.0005942426145655,-3.220080452281948e-17,-0.35755022238887735,-0.3575502223888772,-1.6653345369377348e-16
13141,5,27,-1.0331347850632757,-1.0331347850632762,4.440892098500626e-16,0.11882636383731751,0.1188263638373174,1.1102230246251565e-16,0.37797371593305984,0.3779737159330598,5.551115123125783e-17,-0.12592266925789286,-0.1259226692578929,2.7755575615628914e-17,-0.4603468277857867,-0.4603468277857868,5.551115123125783e-17
13143,1,53,-0.14785868291675058,-0.1478586829167506,2.7755575615628914e-17,0.11246375949877219,0.1124637594987721,8.326672684688674e-17,0.8320655488827502,0.8320655488827504,-2.220446049250313e-16,-0.014929694154049322,-0.0149296941540493,-2.2551405187698492e-17,-0.22116212450796682,-0.2211621245079667,-1.1102230246251565e-16
13145,3,17,-0.1774767782150841,-0.1774767782150841,0.0,0.03890539386077779,0.0389053938607777,9.020562075079397e-17,0.2860395748860274,0.2860395748860274,0.0,-0.15735446646655663,-0.1573544664665566,-2.7755575615628914e-17,-0.2412056060563942,-0.2412056060563941,-1.1102230246251565e-16
13147,1,53,-0.11928817044425372,-0.1192881704442536,-1.1102230246251565e-16,0.3558492914721886,0.3558492914721885,5.551115123125783e-17,0.6640110823992429,0.6640110823992429,0.0,-0.027555170630752746,-0.0275551706307529,1.5612511283791264e-16,-0.3672030016195532,-0.3672030016195532,0.0
13149,1,53,-0.5645676067675807,-0.5645676067675807,0.0,0.14024520979935884,0.140245209799359,-1.6653345369377348e-16,0.8617104686645677,0.8617104686645678,-1.1102230246251565e-16,-0.03766176377069003,-0.03766176377069,-2.7755575615628914e-17,-0.17129903969487134,-0.1712990396948713,-2.7755575615628914e-17
13151,1,53,0.17029418574140628,0.1702941857414064,-1.1102230246251565e-16,0.23417035315383394,0.2341703531538341,-1.6653345369377348e-16,0.8332501088396159,0.833250108839616,-1.1102230246251565e-16,-0.07291730469872676,-0.0729173046987267,-5.551115123125783e-17,-0.1572347662313103,-0.1572347662313104,1.1102230246251565e-16
13153,3,17,0.7524747889042236,0.7524747889042234,2.220446049250313e-16,-0.09611506909974513,-0.0961150690997451,-2.7755575615628914e-17,0.3119344620198159,0.3119344620198159,0.0,-0.015784132596589312,-0.0157841325965892,-1.1102230246251565e-16,-0.307141052632241,-0.3071410526322409,-1.1102230246251565e-16
13155,2,19,-0.5737430408135241,-0.5737430408135241,0.0,-0.463382555636676,-0.4633825556366761,5.551115123125783e-17,0.27637848621461414,0.2763784862146141,5.551115123125783e-17,0.30160911162142423,0.3016091116214243,-5.551115123125783e-17,-0.22148868439991387,-0.2214886843999138,-8.326672684688674e-17
13157,1,53,-0.015910736701196027,-0.0159107367011958,-2.255140518769849e-16,0.3360357583814284,0.3360357583814284,0.0,0.6807722716623499,0.6807722716623499,0.0,-0.02775339353703088,-0.027753393537031,1.214306433183765e-16,-0.33898470443460404,-0.338984704434604,-5.551115123125783e-17
13159,5,27,-0.47831118565270514,-0.478311185652705,-1.6653345369377348e-16,0.10131088877963401,0.101310888779634,1.3877787807814457e-17,0.36473220634441184,0.3647322063444119,-5.551115123125783e-17,-0.12111311415529011,-0.1211131141552901,-1.3877787807814457e-17,-0.44034121961332473,-0.4403412196133247,-5.551115123125783e-17
13161,6,21,-0.4547046545784659,-0.454704654578466,5.551115123125783e-17,-0.3118435560981377,-0.3118435560981376,-1.1102230246251565e-16,0.11244576694766076,0.1124457669476607,5.551115123125783e-17,0.25846063805014635,0.2584606380501464,-5.551115123125783e-17,-0.43307499355547396,-0.4330749935554739,-5.551115123125783e-17
13163,5,27,-0.8351930302142718,-0.8351930302142717,-1.1102230246251565e-16,0.1334345672205409,0.1334345672205409,0.0,0.3957532736055079,0.3957532736055079,0.0,-0.14684502046615155,-0.1468450204661515,-5.551115123125783e-17,-0.44578173986303743,-0.4457817398630374,-5.551115123125783e-17
13165,3,17,-0.4551779257919736,-0.4551779257919736,0.0,-0.027625249992043466,-0.0276252499920434,-6.591949208711867e-17,0.854954395479098,0.8549543954790981,-1.1102230246251565e-16,0.062387659871350976,0.0623876598713509,7.632783294297951e-17,-0.2649262480977491,-0.2649262480977492,5.551115123125783e-17
13167,3,17,-0.8674791673567063,-0.8674791673567062,-1.1102230246251565e-16,-0.04212952499508971,-0.0421295249950896,-1.0408340855860843e-16,0.8133599766939199,0.81335997669392,-1.1102230246251565e-16,0.07202628262384203,0.072026282623842,2.7755575615628914e-17,-0.26925602118352754,-0.2692560211835275,-5.551115123125783e-17
13169,5,27,-0.2583809790313989,-0.2583809790313988,-1.1102230246251565e-16,0.07977308462567159,0.0797730846256716,-1.3877787807814457e-17,0.29757816786660163,0.2975781678666016,5.551115123125783e-17,-0.11093830204030566,-0.1109383020403056,-6.938893903907228e-17,-0.4657536952426824,-0.4657536952426823,-1.1102230246251565e-16
13171,5,27,-0.0819180859286262,-0.0819180859286261,-1.1102230246251565e-16,0.08108874895757266,0.0810887489575726,5.551115123125783e-17,0.3571167169872823,0.3571167169872822,1.1102230246251565e-16,-0.11054090847517198,-0.1105409084751719,-8.326672684688674e-17,-0.4457900831298132,-0.4457900831298133,5.551115123125783e-17
13173,6,21,-0.9220051173808252,-0.9220051173808252,0.0,-0.20804572667598414,-0.2080457266759841,-5.551115123125783e-17,0.31345192248880593,0.3134519224888059,5.551115123125783e-17,0.2884629718191213,0.2884629718191212,1.1102230246251565e-16,-0.5697376441507502,-0.5697376441507501,-1.1102230246251565e-16
13175,3,17,-0.24390863660836715,-0.2439086366083671,-5.551115123125783e-17,-0.07197900738992108,-0.071979007389921,-8.326672684688674e-17,0.7257593465067363,0.7257593465067363,0.0,0.07593001421569678,0.0759300142156967,8.326672684688674e-17,-0.28086708330762655,-0.2808670833076265,-5.551115123125783e-17
13177,4,22,0.012166261546794777,0.0121662615467947,7.806255641895632e-17,-0.051099925327636526,-0.0510999253276365,-2.7755575615628914e-17,-0.07340065898126574,-0.0734006589812657,-4.163336342344337e-17,-0.1809993988292371,-0.180999398829237,-1.1102230246251565e-16,-0.1609556463537739,-0.1609556463537739,0.0
13179,6,21,0.6196738430354808,0.6196738430354805,3.3306690738754696e-16,-0.16226110055539372,-0.1622611005553937,-2.7755575615628914e-17,-0.09789948742618355,-0.0978994874261835,-5.551115123125783e-17,0.24512613440720413,0.2451261344072041,2.7755575615628914e-17,-0.6025971864645471,-0.6025971864645469,-2.220446049250313e-16
13181,5,27,-0.7060360230116756,-0.7060360230116756,0.0,0.16745748278483882,0.1674574827848388,2.7755575615628914e-17,0.4466599070962371,0.4466599070962372,-1.1102230246251565e-16,-0.1729975300801828,-0.1729975300801828,0.0,-0.4076295385694941,-0.407629538569494,-5.551115123125783e-17
13183,6,21,-0.9741607909402061,-0.974160790940206,-1.1102230246251565e-16,-0.1718166946125011,-0.1718166946125011,0.0,-0.07979009178394936,-0.0797900917839493,-5.551115123125783e-17,0.2467157037295712,0.2467157037295711,8.326672684688674e-17,-0.6019221686410096,-0.6019221686410096,0.0
13185,6,21,0.4669527063514584,0.4669527063514583,1.1102230246251565e-16,-0.1989439603417345,-0.1989439603417345,0.0,0.33051819815092504,0.3305181981509251,-5.551115123125783e-17,0.29590504639211646,0.2959050463921164,5.551115123125783e-17,-0.5770125102029015,-0.5770125102029013,-1.1102230246251565e-16
13187,1,53,-0.0673905240584895,-0.0673905240584896,9.71445146547012e-17,0.31270407339527795,0.3127040733952779,5.551115123125783e-17,0.6826482718545297,0.6826482718545298,-1.1102230246251565e-16,0.04846902833660993,0.04846902833661,-6.938893903907228e-17,-0.3267220931479604,-0.3267220931479604,0.0
13189,5,27,-0.18105875308170707,-0.1810587530817068,-2.7755575615628914e-16,0.15353766379885242,0.1535376637988525,-8.326672684688674e-17,0.4297695733585817,0.4297695733585816,5.551115123125783e-17,-0.16142531938142798,-0.1614253193814279,-8.326672684688674e-17,-0.4220228152645309,-0.4220228152645309,0.0
13191,6,21,-0.5635962468135249,-0.563596246813525,1.1102230246251565e-16,-0.15198199088933279,-0.1519819908893327,-8.326672684688674e-17,-0.09427612573519212,-0.094276125735192,-1.1102230246251565e-16,0.22814228201726472,0.2281422820172647,2.7755575615628914e-17,-0.622763377200323,-0.6227633772003232,1.1102230246251565e-16
13193,3,17,-0.18200704990593533,-0.1820070499059353,-2.7755575615628914e-17,-0.032917881666151005,-0.0329178816661509,-1.0408340855860843e-16,0.2953311810496988,0.2953311810496988,0.0,-0.08774237151645128,-0.0877423715164512,-8.326672684688674e-17,-0.2699099275936236,-0.2699099275936236,0.0
13195,1,53,-0.17249604868382162,-0.1724960486838218,1.6653345369377348e-16,0.3400795000581379,0.3400795000581378,1.1102230246251565e-16,0.6864844271942656,0.6864844271942657,-1.1102230246251565e-16,-0.03211000187352242,-0.0321100018735224,-2.0816681711721685e-17,-0.33431292032573867,-0.3343129203257387,5.551115123125783e-17
13197,3,17,-0.5391302182643264,-0.5391302182643263,-1.1102230246251565e-16,0.008002545810971179,0.0080025458109712,-2.0816681711721685e-17,0.2883540446899945,0.2883540446899944,5.551115123125783e-17,-0.13024802188386045,-0.1302480218838604,-5.551115123125783e-17,-0.2521999827679968,-0.2521999827679967,-1.1102230246251565e-16
13199,1,53,-0.5205332635899487,-0.5205332635899484,-2.220446049250313e-16,0.18588056001005832,0.1858805600100582,1.1102230246251565e-16,0.8783911205688778,0.8783911205688776,2.220446049250313e-16,-0.06623724536656173,-0.0662372453665616,-1.249000902703301e-16,-0.12325789525662728,-0.123257895256627,-2.7755575615628914e-16
13201,2,19,-0.7760963250849334,-0.7760963250849335,1.1102230246251565e-16,-0.4194887645416846,-0.4194887645416846,0.0,-0.012955101819104906,-0.0129551018191049,-5.204170427930421e-18,0.22881203509582232,0.2288120350958223,2.7755575615628914e-17,-0.330957437879299,-0.330957437879299,0.0
13205,2,19,-0.005673905210513086,-0.005673905210513,-8.586881206085195e-17,-0.4535739742733492,-0.4535739742733491,-1.1102230246251565e-16,0.03567089220967051,0.0356708922096705,1.3877787807814457e-17,0.2414726652265453,0.2414726652265452,1.1102230246251565e-16,-0.343829128337654,-0.343829128337654,0.0
13207,5,27,-0.08539690641187227,-0.0853969064118722,-6.938893903907228e-17,0.0799140514929865,0.0799140514929865,0.0,0.3371784548083511,0.3371784548083511,0.0,-0.11014629077029982,-0.1101462907702998,-1.3877787807814457e-17,-0.4523956421833001,-0.4523956421833001,0.0
13209,4,22,-0.3818884597511312,-0.3818884597511313,5.551115123125783e-17,-0.07648138933396861,-0.0764813893339686,-1.3877787807814457e-17,-0.0001973997918406356,-0.0001973997918406,-3.561604136614882e-17,-0.1258671708302544,-0.1258671708302544,0.0,-0.2841950527615857,-0.2841950527615857,0.0
13211,5,27,-0.07235017157281937,-0.0723501715728193,-6.938893903907228e-17,0.12451225721557083,0.1245122572155708,2.7755575615628914e-17,0.3897036290522559,0.3897036290522558,1.1102230246251565e-16,-0.1339235627863717,-0.1339235627863717,0.0,-0.4296764866216768,-0.4296764866216768,0.0
13213,1,53,-0.4770760225820222,-0.477076022582022,-2.220446049250313e-16,0.1520358407812168,0.1520358407812168,0.0,0.7354959123912637,0.7354959123912638,-1.1102230246251565e-16,0.0333233701323421,0.0333233701323419,2.0122792321330962e-16,-0.28746601498520186,-0.2874660149852017,-1.6653345369377348e-16
13215,3,17,1.0700320489381103,1.0700320489381103,0.0,0.029737539073390856,0.0297375390733908,5.551115123125783e-17,0.2856319770555241,0.2856319770555242,-5.551115123125783e-17,-0.15076060474347208,-0.150760604743472,-8.326672684688674e-17,-0.24452762868536387,-0.2445276286853638,-8.326672684688674e-17
13217,1,53,0.015235898620742094,0.0152358986207422,-1.0581813203458523e-16,0.26676566974116855,0.2667656697411686,-5.551115123125783e-17,0.7862138383561461,0.7862138383561461,0.0,-0.06080086145597913,-0.0608008614559791,-2.7755575615628914e-17,-0.2098865435209957,-0.2098865435209956,-1.1102230246251565e-16
13219,1,53,0.014710769450771044,0.0147107694507713,-2.5673907444456745e-16,0.30747971061509316,0.3074797106150932,-5.551115123125783e-17,0.7320043489128802,0.7320043489128802,0.0,-0.044991322494247143,-0.0449913224942472,5.551115123125783e-17,-0.27531266969104307,-0.2753126696910431,5.551115123125783e-17
13221,1,53,-0.2926746605675318,-0.2926746605675318,0.0,0.31909408302943315,0.3190940830294331,5.551115123125783e-17,0.722350749016953,0.7223507490169532,-2.220446049250313e-16,-0.043798764880331575,-0.0437987648803316,2.7755575615628914e-17,-0.28887625086874436,-0.2888762508687443,-5.551115123125783e-17
13223,1,53,-0.3660365681687421,-0.3660365681687418,-2.7755575615628914e-16,0.11721526034506147,0.1172152603450615,-2.7755575615628914e-17,0.813134194762746,0.8131341947627458,1.1102230246251565e-16,-0.026985761248378703,-0.0269857612483788,9.71445146547012e-17,-0.23996171161632018,-0.2399617116163201,-8.326672684688674e-17
13225,3,17,0.09255196336590024,0.0925519633659002,4.163336342344337e-17,-0.0576477182723798,-0.0576477182723798,0.0,0.3065106085003955,0.3065106085003956,-5.551115123125783e-17,-0.05554025702394805,-0.055540257023948,-4.85722573273506e-17,-0.283403115482512,-0.283403115482512,0.0
13227,1,53,-0.711624982509678,-0.7116249825096783,3.3306690738754696e-16,0.1847619775594237,0.1847619775594234,3.0531133177191805e-16,0.7136546627422296,0.7136546627422294,1.1102230246251565e-16,-0.003787864896935389,-0.0037878648969352,-1.8908485888147197e-16,-0.3287096353691934,-0.3287096353691934,0.0
13229,6,21,-0.5937084472103471,-0.5937084472103471,0.0,-0.25875005938041185,-0.2587500593804118,-5.551115123125783e-17,0.13198258092399012,0.1319825809239901,2.7755575615628914e-17,0.22717558814090036,0.2271755881409004,-2.7755575615628914e-17,-0.5307196855934638,-0.5307196855934639,1.1102230246251565e-16
13231,5,27,-0.45283436717980186,-0.4528343671798018,-5.551115123125783e-17,0.08134756206403324,0.0813475620640332,4.163336342344337e-17,0.3688295631974242,0.3688295631974241,1.1102230246251565e-16,-0.11065071467226562,-0.1106507146722656,-1.3877787807814457e-17,-0.4420992341596984,-0.4420992341596984,0.0
13233,1,53,0.024261273777597347,0.0242612737775974,-5.204170427930421e-17,0.10624978302958399,0.1062497830295839,8.326672684688674e-17,0.818654843082437,0.8186548430824372,-2.220446049250313e-16,-0.007818103700300949,-0.0078181037003011,1.5092094240998222e-16,-0.23803797323447573,-0.2380379732344756,-1.3877787807814457e-16
13235,4,22,-0.00510279393887636,-0.0051027939388764,3.9898639947466563e-17,-0.07530921050289022,-0.0753092105028902,-1.3877787807814457e-17,-0.01332953677085294,-0.0133295367708529,-3.9898639947466563e-17,-0.14433570435667153,-0.1443357043566715,-2.7755575615628914e-17,-0.23541677938580405,-0.235416779385804,-5.551115123125783e-17
13237,5,27,0.3348805233410428,0.3348805233410428,0.0,0.1122851094750036,0.1122851094750036,0.0,0.3434344678309577,0.3434344678309577,0.0,-0.12571762846246542,-0.1257176284624653,-1.3877787807814457e-16,-0.45091677724115076,-0.4509167772411507,-5.551115123125783e-17
13239,4,22,-0.4400546603380336,-0.4400546603380335,-1.1102230246251565e-16,-0.04132391315747905,-0.041323913157479,-4.85722573273506e-17,-0.08891789208183129,-0.0889178920818312,-8.326672684688674e-17,-0.19546895666645225,-0.1954689566664522,-5.551115123125783e-17,-0.1427374610859687,-0.1427374610859687,0.0
13241,1,53,-0.09873489291604559,-0.0987348929160457,1.1102230246251565e-16,0.34610508210460356,0.3461050821046036,-5.551115123125783e-17,0.6766337735766423,0.6766337735766422,1.1102230246251565e-16,0.05164642673416164,0.0516464267341617,-5.551115123125783e-17,-0.329397440016738,-0.3293974400167381,1.1102230246251565e-16
13243,4,22,-0.27632386941296105,-0.2763238694129611,5.551115123125783e-17,-0.0434485870106351,-0.0434485870106351,0.0,-0.08599153294884154,-0.0859915329488416,5.551115123125783e-17,-0.19245674121563,-0.19245674121563,0.0,-0.1458331861255929,-0.1458331861255928,-1.1102230246251565e-16
13245,5,27,1.6031737442813545,1.6031737442813547,-2.220446049250313e-16,0.15385576050845556,0.1538557605084556,-2.7755575615628914e-17,0.42394257564268734,0.4239425756426873,5.551115123125783e-17,-0.1650450303202533,-0.1650450303202532,-1.1102230246251565e-16,-0.42203554163577695,-0.4220355416357769,-5.551115123125783e-17
13247,1,53,0.9711825890318806,0.9711825890318808,-2.220446049250313e-16,0.2581022079028113,0.2581022079028112,1.1102230246251565e-16,0.7828459327290642,0.7828459327290643,-1.1102230246251565e-16,-0.059769058993162316,-0.0597690589931624,8.326672684688674e-17,-0.21654574851007355,-0.2165457485100736,5.551115123125783e-17
13249,3,17,-0.5492450520407608,-0.5492450520407608,0.0,-0.01145284939865035,-0.0114528493986503,-5.0306980803327406e-17,0.2899679069664565,0.2899679069664565,0.0,-0.11216348514983165,-0.1121634851498316,-5.551115123125783e-17,-0.26010460255416407,-0.260104602554164,-5.551115123125783e-17
13251,3,17,-0.4192661697710246,-0.4192661697710246,0.0,-0.0243474481861215,-0.0243474481861215,0.0,0.8623290801928104,0.8623290801928104,0.0,0.058861251125791825,0.0588612511257918,2.7755575615628914e-17,-0.26371501479829834,-0.2637150147982983,-5.551115123125783e-17
13253,2,19,-0.41494257684117686,-0.4149425768411768,-5.551115123125783e-17,-0.4129272216692858,-0.4129272216692857,-1.1102230246251565e-16,-0.021638690521507804,-0.0216386905215078,-3.469446951953614e-18,0.22219888973796276,0.2221988897379627,5.551115123125783e-17,-0.3278244954838659,-0.3278244954838658,-1.1102230246251565e-16
13255,1,53,0.047341228155283854,0.0473412281552838,5.551115123125783e-17,0.22496300875207387,0.2249630087520739,-2.7755575615628914e-17,0.8555627718415322,0.8555627718415323,-1.1102230246251565e-16,-0.0776940586433304,-0.0776940586433304,0.0,-0.13140328454021943,-0.1314032845402194,-2.7755575615628914e-17
13257,1,53,0.40034340435763077,0.4003434043576309,-1.1102230246251565e-16,0.3517803386132855,0.3517803386132856,-1.1102230246251565e-16,0.6654988979442604,0.6654988979442603,1.1102230246251565e-16,0.00467207792945501,0.0046720779294549,1.0928757898653885e-16,-0.35659385784254505,-0.356593857842545,-5.551115123125783e-17
13259,4,22,-0.5456046043606682,-0.5456046043606682,0.0,-0.040612067867919335,-0.0406120678679193,-3.469446951953614e-17,-0.07927271802403182,-0.0792727180240318,-2.7755575615628914e-17,-0.19162561073689066,-0.1916256107368906,-5.551115123125783e-17,-0.15272979883944382,-0.1527297988394438,-2.7755575615628914e-17
13261,4,22,-0.061356130737980685,-0.0613561307379806,-8.326672684688674e-17,-0.047551182941343625,-0.0475511829413436,-2.7755575615628914e-17,-0.0636556846734603,-0.0636556846734602,-1.1102230246251565e-16,-0.17956782492127246,-0.1795678249212724,-5.551115123125783e-17,-0.17067897370500684,-0.1706789737050068,-5.551115123125783e-17
13263,3,17,-0.6967190945065287,-0.6967190945065287,0.0,0.01794280365348236,0.0179428036534822,1.5959455978986625e-16,0.2908094465791413,0.2908094465791413,0.0,-0.13565089124581156,-0.1356508912458115,-5.551115123125783e-17,-0.2479120610460039,-0.2479120610460039,0.0
13265,5,27,-0.7443339384942993,-0.7443339384942991,-2.220446049250313e-16,0.14521798115278117,0.1452179811527812,-2.7755575615628914e-17,0.42426342403917305,0.424263424039173,5.551115123125783e-17,-0.14920222951001083,-0.1492022295100107,-1.3877787807814457e-16,-0.43138285375844315,-0.4313828537584431,-5.551115123125783e-17
13267,4,22,-0.18033996682946052,-0.1803399668294604,-1.1102230246251565e-16,-0.06957691888763062,-0.0695769188876306,-2.7755575615628914e-17,0.0031387979481093953,0.0031387979481094,-4.7704895589362195e-18,-0.10853759828369874,-0.1085375982836987,-4.163336342344337e-17,-0.3016750216216231,-0.3016750216216231,0.0
13269,3,17,-0.5486194246623278,-0.5486194246623277,-1.1102230246251565e-16,-0.006661280297751759,-0.0066612802977517,-5.898059818321144e-17,0.29410205358420977,0.2941020535842097,5.551115123125783e-17,-0.11182729543161077,-0.1118272954316107,-6.938893903907228e-17,-0.25772174069848663,-0.2577217406984866,-5.551115123125783e-17
13271,2,19,-0.5928050135586687,-0.5928050135586688,1.1102230246251565e-16,-0.4490708820070919,-0.4490708820070919,0.0,0.2833117682926719,0.2833117682926719,0.0,0.3059980895726104,0.3059980895726103,5.551115123125783e-17,-0.19556965279376531,-0.1955696527937652,-1.1102230246251565e-16
13273,4,22,-0.22791103601667692,-0.2279110360166769,-2.7755575615628914e-17,-0.04646773270461117,-0.0464677327046111,-6.938893903907228e-17,-0.07925960577232893,-0.0792596057723289,-2.7755575615628914e-17,-0.18708882852982944,-0.1870888285298294,-5.551115123125783e-17,-0.15337726747582958,-0.1533772674758295,-8.326672684688674e-17
13275,2,19,-0.14990686749402551,-0.1499068674940255,-2.7755575615628914e-17,-0.4733446687687085,-0.4733446687687085,0.0,0.05344399853612322,0.0534439985361232,2.0816681711721685e-17,0.22562224159959962,0.2256222415995996,2.7755575615628914e-17,-0.368002318524178,-0.368002318524178,0.0
13277,2,19,0.04900994672885245,0.0490099467288523,1.5265566588595902e-16,-0.4841957702308894,-0.4841957702308894,0.0,0.27315294784229877,0.2731529478422987,5.551115123125783e-17,0.3047875296631387,0.3047875296631387,0.0,-0.2583977395597739,-0.2583977395597738,-1.1102230246251565e-16
13279,4,22,0.32952074700708556,0.3295207470070855,5.551115123125783e-17,-0.07229819490443157,-0.0722981949044316,2.7755575615628914e-17,0.0033215992675930395,0.003321599267593,3.946495907847236e-17,-0.11628812882640527,-0.1162881288264051,-1.6653345369377348e-16,-0.2942011628294495,-0.2942011628294495,0.0
13281,1,53,0.001479235461233186,0.0014792354612335,-3.139849491518021e-16,0.3355572845280311,0.3355572845280312,-1.1102230246251565e-16,0.683766969773294,0.6837669697732941,-1.1102230246251565e-16,0.07236517617553218,0.072365176175532,1.8041124150158794e-16,-0.3140369096699451,-0.3140369096699451,0.0
13283,3,17,-0.48910912005639995,-0.4891091200563998,-1.6653345369377348e-16,-0.0657545916758896,-0.0657545916758894,-1.942890293094024e-16,0.7565595492702651,0.7565595492702651,0.0,0.0644849077716586,0.0644849077716586,0.0,-0.27205132179234354,-0.2720513217923436,5.551115123125783e-17
13285,1,53,0.19486401271822312,0.1948640127182232,-8.326672684688674e-17,0.15781357507580207,0.1578135750758021,-2.7755575615628914e-17,0.8720260913535566,0.8720260913535567,-1.1102230246251565e-16,-0.04663010836570741,-0.0466301083657072,-2.1510571102112408e-16,-0.14859778659249176,-0.1485977865924918,2.7755575615628914e-17
13287,2,19,-0.17504206757036178,-0.1750420675703617,-8.326672684688674e-17,-0.46881580389607574,-0.4688158038960757,-5.551115123125783e-17,0.3104840959683126,0.3104840959683126,0.0,0.35570775928283227,0.3557077592828322,5.551115123125783e-17,-0.2295554616439168,-0.2295554616439167,-1.1102230246251565e-16
13289,5,27,-0.7725446697165942,-0.7725446697165943,1.1102230246251565e-16,0.05692563203329654,0.0569256320332965,4.163336342344337e-17,0.2380526365453822,0.2380526365453821,8.326672684688674e-17,-0.10146787653445813,-0.1014678765344581,-2.7755575615628914e-17,-0.4936466511594767,-0.4936466511594767,0.0
13291,1,53,-0.27692693895397236,-0.2769269389539722,-1.6653345369377348e-16,0.3207061257244278,0.3207061257244277,1.1102230246251565e-16,0.6872030461276968,0.6872030461276969,-1.1102230246251565e-16,0.0720372382269519,0.0720372382269518,1.1102230246251565e-16,-0.3117476039234843,-0.3117476039234841,-1.6653345369377348e-16
13293,5,27,-0.006549610025180341,-0.0065496100251803,-4.163336342344337e-17,0.07288758418455023,0.0728875841845502,2.7755575615628914e-17,0.3481802583839129,0.3481802583839128,1.1102230246251565e-16,-0.10644698878150897,-0.106446988781509,2.7755575615628914e-17,-0.4510122220240204,-0.4510122220240203,-1.1102230246251565e-16
13295,1,53,-0.14081722553552994,-0.1408172255355298,-1.3877787807814457e-16,0.09648201661172906,0.0964820166117289,1.6653345369377348e-16,0.786133636082774,0.7861336360827741,-1.1102230246251565e-16,0.021033707312946848,0.0210337073129467,1.491862189340054e-16,-0.260825775523005,-0.260825775523005,0.0
13297,1,53,0.10321594200389464,0.1032159420038947,-5.551115123125783e-17,0.2864641198703509,0.286464119870351,-5.551115123125783e-17,0.7508956897895849,0.7508956897895849,0.0,-0.04990002787712522,-0.0499000278771253,8.326672684688674e-17,-0.2524507314245885,-0.2524507314245886,1.1102230246251565e-16
13299,6,21,-0.010961065628391942,-0.0109610656283918,-1.4224732503009818e-16,-0.22170186649842585,-0.2217018664984258,-5.551115123125783e-17,0.23873352232513692,0.2387335223251369,2.7755575615628914e-17,0.2465965200999209,0.2465965200999209,0.0,-0.5600428286881831,-0.5600428286881832,1.1102230246251565e-16
13301,5,27,-0.83865059449783,-0.8386505944978301,1.1102230246251565e-16,0.14104569635394776,0.1410456963539477,5.551115123125783e-17,0.41483362652502803,0.414833626525028,5.551115123125783e-17,-0.14927089482808825,-0.1492708948280882,-5.551115123125783e-17,-0.43574499497249064,-0.4357449949724906,-5.551115123125783e-17
13303,5,27,-0.27147136203034167,-0.2714713620303416,-5.551115123125783e-17,0.10330792359024528,0.1033079235902452,8.326672684688674e-17,0.341402399395017,0.3414023993950169,1.1102230246251565e-16,-0.12152081640770733,-0.1215208164077073,-2.7755575615628914e-17,-0.48026771326561724,-0.4802677132656172,-5.551115123125783e-17
13305,6,21,-0.0692749839789909,-0.0692749839789908,-9.71445146547012e-17,-0.1953981756779542,-0.1953981756779542,0.0,-0.029004421047972975,-0.029004421047973,2.42861286636753e-17,0.24979063150039613,0.2497906315003961,2.7755575615628914e-17,-0.5933054748493547,-0.5933054748493548,1.1102230246251565e-16
13307,4,22,-0.4004568725486062,-0.4004568725486063,1.1102230246251565e-16,-0.04360686478734151,-0.0436068647873415,-6.938893903907228e-18,-0.07522346618804127,-0.0752234661880412,-6.938893903907228e-17,-0.18751639908996823,-0.1875163990899682,-2.7755575615628914e-17,-0.15725074206145023,-0.1572507420614502,-2.7755575615628914e-17
13309,4,22,-0.397318717518124,-0.397318717518124,0.0,-0.08424397059066824,-0.0842439705906682,-4.163336342344337e-17,-0.0076651601701741845,-0.0076651601701741,-8.413408858487514e-17,-0.13489027466859124,-0.1348902746685912,-5.551115123125783e-17,-0.2692077234170727,-0.2692077234170727,0.0
13311,1,53,-0.07090283753394677,-0.0709028375339468,2.7755575615628914e-17,0.33522103837259326,0.3352210383725932,5.551115123125783e-17,0.6765151725926815,0.6765151725926816,-1.1102230246251565e-16,0.046531158932531125,0.0465311589325311,2.7755575615628914e-17,-0.33187028998304685,-0.3318702899830469,5.551115123125783e-17
13313,1,53,0.9539842588776931,0.9539842588776934,-3.3306690738754696e-16,0.103549780244931,0.1035497802449309,9.71445146547012e-17,0.7595158553623448,0.7595158553623449,-1.1102230246251565e-16,0.019185855090615433,0.0191858550906152,2.3245294578089215e-16,-0.275766614179445,-0.2757666141794451,1.1102230246251565e-16
13315,2,19,-0.8485596628156997,-0.8485596628156996,-1.1102230246251565e-16,-0.4506224790737281,-0.450622479073728,-1.1102230246251565e-16,0.3103912579722975,0.3103912579722975,0.0,0.348026697544366,0.348026697544366,0.0,-0.2024040586388855,-0.2024040586388855,0.0
13317,5,27,-0.10707881747674167,-0.1070788174767417,2.7755575615628914e-17,0.16319283268023627,0.1631928326802362,5.551115123125783e-17,0.44667042461338474,0.4466704246133848,-5.551115123125783e-17,-0.16589765953813587,-0.1658976595381359,2.7755575615628914e-17,-0.41215614700166137,-0.4121561470016613,-5.551115123125783e-17
13319,5,27,-0.7285144912437097,-0.7285144912437097,0.0,0.056456060882027495,0.0564560608820274,9.71445146547012e-17,0.18921136535763958,0.1892113653576396,-2.7755575615628914e-17,-0.10224660923015502,-0.102246609230155,-2.7755575615628914e-17,-0.5160881261567716,-0.5160881261567716,0.0
13321,2,19,-0.5907747423135856,-0.5907747423135855,-1.1102230246251565e-16,-0.5164049342103155,-0.5164049342103155,0.0,0.30973278829979367,0.3097327882997936,5.551115123125783e-17,0.37351749482627183,0.3735174948262718,5.551115123125783e-17,-0.28978462417909806,-0.2897846241790981,5.551115123125783e-17
