AreaKey,initial_regime,final_regime,regime_changed,fitted_z,residual_z,regime_local_k,Intercept,PctFB,PctBlack,PctRural
13001,6,6,False,-0.57958725626473,0.09585301351566083,17,-0.38002844217128545,0.0005587687583024394,0.2683112369120507,-0.4815813602830049
13003,6,6,False,-0.8128668732915579,0.012180386323662029,17,-0.46347225622799476,0.19658619483286102,0.1366615963708332,-0.37757082528050745
13005,6,6,False,-0.5261969280367603,-0.2392726429068216,17,-0.46254445904738006,0.03935643383863452,0.20931740561928747,-0.34558995038108725
13007,2,2,False,-0.422301920619068,0.14986917401588373,19,-0.3880709157354921,0.03886876857552968,0.08170596560530327,-0.10553756766221493
13009,5,5,False,0.4785919706507743,-0.06429485477983349,17,-0.000383349277720324,0.03489629037105708,-0.09393384178455212,-0.5424574225155098
13011,1,1,False,-0.4867414398762806,-0.3139450470916153,62,0.2807556997387901,0.7027786929316139,-0.02882985178285777,-0.3226114392826242
13013,1,1,False,0.27322353325696846,-0.5808731958844671,62,0.2700349108933121,0.7182192715281592,-0.06838274629467697,-0.3063296648924535
13015,1,1,False,-0.1235004769496644,-0.21936610170214818,62,0.1120986218048119,0.7865540641204296,-0.012346850424993339,-0.26896031904739837
13017,2,2,False,-0.4505948926554254,-0.13879009816658594,19,-0.41112564075331626,0.3700364904985127,0.1621616683344473,-0.19139725697357707
13019,2,2,False,-0.5435747985691398,-0.06341865026502858,19,-0.4673109642738659,0.3241811051764745,0.1637899466837117,-0.3892540602006406
13021,5,3,True,1.0656572638910733,0.00015279842967830248,6,-0.33897367395918915,0.90143171991297,0.47883112716575543,-0.5304180588496071
13023,3,4,True,-0.05309910225015278,-0.06085752224361797,38,-0.06798319726918514,0.3008448659496164,-0.0339115144120829,-0.27481895755169244
13025,6,6,False,-1.2333851089912073,0.32704787395036905,17,-0.18478053176186982,0.09832185334748386,0.23932212897428462,-0.6065927634590299
13027,2,2,False,-0.18130571536909088,-0.14395240527056472,19,-0.5282730952646889,0.17124329722240594,0.17870882556400458,-0.6747925912217442
13029,6,4,True,-0.3152564088164058,0.4654266545049909,38,0.15115488124311194,0.7365477692561438,-0.02386617905525823,-0.19860258180097257
13031,4,4,False,0.19366267763009334,1.3827926670432127,38,0.12253644791163046,0.6797767610139138,-0.032821384617538224,-0.20307167574485666
13033,5,4,True,-0.3458799941071067,0.10866416352823635,38,0.07117464851778756,0.5630783318335466,-0.055765454431264044,-0.21541496485741454
13035,5,1,True,-0.11473581943193373,-0.5450830034387057,62,0.22615439618450922,0.8443232512719163,-0.08918517329247626,-0.14763385006891966
13037,4,4,False,-0.6287188635219195,0.47954532300383446,38,-0.0510198944413606,0.2313556964507159,-0.028954852189360697,-0.30030064578166865
13039,6,6,False,0.3615508174322566,0.08796321446299821,17,-0.12719796371680672,0.03128921424205941,0.24705796833973917,-0.6622885256593971
13043,4,4,False,0.14262486504372118,-0.32701532158612023,38,0.10054603419829139,0.6392189314878515,-0.030959439754077916,-0.20496522404710402
13045,1,1,False,-0.020494635012486134,0.20588179672538515,62,0.15426649869929915,0.8627641331287731,-0.01707079680983009,-0.16553991581446628
13047,1,1,False,-0.12967916240941546,-0.37166353835181065,62,0.144330648706398,0.769245652781644,0.04194657093883103,-0.25683142704555845
13049,6,6,False,-1.0065600951714184,0.20587360820352252,17,-0.2147451426270902,0.31467381841193365,0.1837409990490474,-0.5495189442362303
13051,6,4,True,1.1863766886324747,0.1611687018827901,38,0.16333986034471487,0.7584004920659866,-0.027992013917854053,-0.19706283379061668
13053,3,4,True,1.6299790778328829,-0.000698359123105563,38,-0.05921324562496244,0.23488105308049803,-0.034072819091040346,-0.29997815282602663
13055,1,1,False,-0.6470929281413592,-0.24163584888732192,62,0.10673670320402978,0.8027757951702286,0.020720355585419514,-0.24772982972318908
13057,1,1,False,0.6014202077260479,0.7109082667649024,62,0.18421848448207206,0.7466988988490255,-0.01249339976679914,-0.2898288016492442
13059,1,1,False,2.8238087013351505,1.8517352534777967,62,0.27194427506014673,0.7302681410818902,-0.0741407564794079,-0.29203617430981077
13061,4,4,False,-0.5679895414537586,0.612509039069401,38,-0.04993318816297557,0.22977867712985162,-0.030943096401692363,-0.3002826740675723
13063,1,1,False,2.7192237238095207,-2.0584081957683815,62,0.20298644812307018,0.8482781501568926,-0.08033051754956427,-0.15058535402703388
13065,6,6,False,-0.4187898079607601,-0.32907130497066467,17,-0.34948578453518464,0.3311636377329027,0.15327714737994175,-0.48056689545101006
13067,1,1,False,2.7185977459007264,1.1645655983651535,62,0.1490661820826658,0.7964841831233485,-0.052553302960989534,-0.24531216970238448
13069,6,2,True,-0.2870182248368578,0.31392926444034325,19,-0.4420790325739093,0.3562910714795786,0.15435825996717364,-0.3317827790960507
13071,2,2,False,0.0027147160259609615,-0.169496714556203,19,-0.48218783286803957,0.2657807018577141,0.21215580660087136,-0.29893556498304263
13073,5,5,False,1.8136259130263226,0.46716775213326533,17,0.12241808674628052,0.49496461564909716,-0.17128609213272195,-0.3966005842252815
13075,2,2,False,-0.15622644388725937,-0.6268515850684795,19,-0.4996483282542808,0.27934276016515425,0.17471820601072763,-0.48127776953360213
13077,1,1,False,-0.07537455058492745,0.48967166645586824,62,0.17630296032382625,0.874481732116417,-0.04728269992515999,-0.1360740344937838
13079,5,3,True,-0.8454410516176608,-0.07850464143533453,6,-0.2673254081277383,0.7211159927829317,0.3884641585993587,-0.5258545583861165
13081,4,4,False,-0.011329908598736532,-0.1554520899315055,38,-0.0635165174084487,0.25061972918281983,-0.023403377952211396,-0.2965899753863327
13083,1,1,False,-0.44183343882302734,-0.07711771995035571,62,0.0955577624993893,0.7918044288783823,0.02974412074828614,-0.25258422815742143
13085,1,1,False,-0.410549968801467,-0.002750441898973832,62,0.2425641484649837,0.7237772615626827,0.004636774830913237,-0.2971889298616112
13087,2,2,False,-0.22405978269331397,0.35662157036974174,19,-0.3488280624681654,-0.008684639611431368,0.06749267220255846,-0.17878370848857061
13089,1,1,False,4.282198462131723,-0.4518604919023139,62,0.21514449643797207,0.8002653676217097,-0.07722013296249047,-0.20895056371989848
13091,4,4,False,-0.2856696520195855,-0.23328150675379755,38,-0.053305705375836815,0.3540631704418562,-0.00964918737276925,-0.25645423183715466
13093,4,4,False,-0.2572735469573448,0.002449258366317486,38,-0.06642762662372191,0.25123229224708554,-0.028609661103112805,-0.29628474567809493
13095,2,4,True,0.544907895649849,0.5209021666709026,38,-0.05376866738765179,0.23554862559900364,-0.025113979727521996,-0.2999427887339107
13097,1,1,False,0.6383596276870124,-0.45297246597411334,62,0.15722337004233283,0.843344493027439,-0.03614146768102672,-0.18451617890671168
13099,4,2,True,-0.23319550190303068,-0.039237244700153606,19,-0.37730630718858116,0.003663262339988878,0.07434861749148332,-0.11675629619436785
13101,6,6,False,-0.9000512449030647,-0.19997902827150127,17,-0.33861019333723974,0.3421723710605866,0.16833998677166367,-0.4940337930296901
13103,4,4,False,-0.22889786393542225,-0.3604871268865891,38,0.14244206579925137,0.7168352014119381,-0.03372937847793023,-0.2009823463502013
13105,1,1,False,0.11715844593009447,-0.6361096047034775,62,0.29254175795230186,0.7058912625069127,-0.07207674808953496,-0.3263288123235878
13107,3,4,True,-0.23231327295055126,-0.09294484768910433,38,0.0698018624106531,0.5757054110897618,-0.03888596346554116,-0.20959290091851845
13109,4,4,False,-0.4700692773671765,0.056768866666735696,38,0.12438221839359592,0.6870532709532983,-0.023082407673216954,-0.20184273014815673
13111,1,1,False,-0.4777383713838457,-0.07642970341385158,62,0.23347511723798686,0.7338147060459399,0.051515383921740154,-0.273308504137596
13113,1,1,False,1.5757719171870668,1.0395824502035058,62,0.1929447836929174,0.867712741458316,-0.07250076270883304,-0.13183400102004078
13115,1,1,False,0.378637729853757,0.10609321806581179,62,0.11673970840725606,0.8118366672861006,0.014590623020576954,-0.23830897689601788
13117,1,1,False,0.037465030818403355,0.7818266193321495,62,0.23877265417431878,0.7229714064225858,-0.025715246043867768,-0.3040923625476892
13119,1,1,False,-0.2736684194465097,0.01884413085548242,62,0.28956071621894336,0.6981104354762482,-0.035719144995720487,-0.32983016399955034
13121,1,1,False,2.561340552225447,1.0753043798702344,62,0.179295768652719,0.8287898986048052,-0.07149610481723401,-0.1876223018147107
13123,1,1,False,-0.5574533690776021,0.1441529583771613,62,0.2178996025948149,0.738344197149754,0.03995277378827217,-0.27604352860364884
13125,5,5,False,-0.7535779022561027,-0.24080162284552087,17,-0.006217607294201136,0.4145621112976472,-0.061512121496294835,-0.5076122629528825
13127,6,6,False,1.0537085590382609,0.5227467856350452,17,-0.16330277229775852,-0.1005083652013328,0.27716601845861705,-0.6854546990008435
13129,1,1,False,-0.2871687071663408,-0.0204809554611578,62,0.13505737420325437,0.7707380999600144,0.01474460528752386,-0.2695151700542785
13131,2,2,False,-0.21107822009600652,-0.36069831271384767,19,-0.3497622598656216,0.004762049462960681,0.07689066596655339,-0.22293339269052476
13133,5,5,False,-0.33552518835072653,-0.04255830632540003,17,0.03299995167858924,0.2960311625181524,-0.08298580125901912,-0.5342960295400097
13135,1,1,False,3.2709943168102718,0.013481455042268387,62,0.24395645096376178,0.7312706222843222,-0.06819204696645131,-0.29315452958919425
13137,1,1,False,1.091796469874658,-0.906409308161759,62,0.2785276405916651,0.7076839383556627,0.002759873080502906,-0.3103297959029599
13139,1,1,False,2.160916112748382,-1.3768413786221432,62,0.26750491730842785,0.7097817415435619,-0.020550896445113986,-0.31382428575724697
13141,5,5,False,-0.9038353228260646,0.17358266790679688,17,-0.11599446566568236,0.13197656854752654,-0.012231580179656299,-0.5967534822273234
13143,1,1,False,-0.14808680144148542,-0.45890664739268294,62,0.13900369039250635,0.8434863202601415,0.002054155881971026,-0.1965080861965745
13145,3,1,True,0.08914761579402099,0.3779748741133908,62,0.1894800497183623,0.9020221535293647,-0.05894530631374484,-0.09630877294138973
13147,1,1,False,-0.18612208082192444,-0.13913603981773115,62,0.29615067034643244,0.6945918734775388,-0.04995854798203442,-0.33762684169196544
13149,1,1,False,-0.5263340656668174,-0.39761162738617795,62,0.1642280838571772,0.8800066320791353,-0.02628242688750157,-0.13954729554270084
13151,1,1,False,0.16604689308666098,-0.20956968553180377,62,0.21749457657407256,0.8447946244319451,-0.08521174723051433,-0.14946698047109366
13153,3,4,True,0.7109542336917047,0.1787712485074764,38,-0.07058078812065272,0.26211781262264716,-0.03320007979253438,-0.29209414199973505
13155,2,2,False,-0.6248238629823477,0.15869807824543591,19,-0.420314848619776,0.36091159159464076,0.16511220801885348,-0.21202208676047907
13157,1,1,False,-0.04399659599579531,-0.2988699826560173,62,0.28215215013565575,0.7023727182688537,-0.057929979836616324,-0.3260850093658499
13159,5,1,True,-0.09114352785430424,0.06522919342131875,62,0.23678159748052285,0.8194024979801022,-0.08774084450809623,-0.17808400362437196
13161,6,4,True,-0.1425905153875235,-0.3235352693493883,38,0.0710727885187036,0.6017828087867378,0.017931646376399643,-0.20532079521845228
13163,5,5,False,-0.9072139448445378,0.07131054185232777,17,-0.01860068813370791,0.4269058836749391,-0.06920519287905241,-0.47234739360799116
13165,3,4,True,-0.27062797647628434,-0.30114855633356985,38,0.08393992012640661,0.5952296761191594,-0.046414455539398575,-0.21132843327405773
13167,3,5,True,-0.827798688310744,-0.23701466883950761,17,-0.05496636149126502,0.26706819605615956,-0.031982878049779666,-0.5241190250756278
13169,5,5,False,-0.17474433864648908,0.3601315003593881,17,0.0444821235274068,0.012875958281484405,-0.12838887131836613,-0.5212067100087756
13171,5,1,True,-0.3478681417537184,0.18108614322347635,62,0.21900636992712896,0.8716262756160218,-0.09201830358265138,-0.11457026506576545
13173,6,6,False,-0.9605402856300292,-0.016230781459437127,17,-0.4188644201273848,0.2697911981637609,0.15430818561858828,-0.4283914602253108
13175,3,4,True,-0.11207017232170072,0.29745733403459973,38,-0.0070863595862308,0.44941841922402587,-0.02744166593446891,-0.21605701428958626
13177,4,4,False,-0.2177238798941641,0.7024548278137329,38,-0.057751168609094364,0.2386237026410661,-0.026355103036959787,-0.2995273490228547
13179,6,6,False,0.605618187354284,-0.17371261347118616,17,-0.22768812264599367,-0.1291120674569384,0.3139950053099878,-0.6558594331496589
13181,5,5,False,-0.7480100212273542,0.26427577847828504,17,0.16106450657368337,0.4816701521422929,-0.18375662149561914,-0.4113706170603922
13183,6,6,False,-1.1274475647587041,0.11545958164492354,17,-0.22610656571758642,-0.11408521803240537,0.3055177622134551,-0.6518475587613191
13185,6,2,True,0.14992550705649665,0.7926253491791557,19,-0.5299282468952234,0.246811080147919,0.1584498322037815,-0.6687059257468441
13187,1,1,False,-0.08456455456947815,0.11147559417296363,62,0.2533979940292401,0.7211679062025136,0.019394108869993487,-0.29421110465082867
13189,5,5,False,-0.2553570696617606,0.15900890318014682,17,0.09928342872943707,0.4745816612731077,-0.14057413121254222,-0.4363615295380677
13191,6,6,False,-0.5700528367838884,0.17436088409560457,17,-0.18256110180719243,-0.13673630989689706,0.2975356110022423,-0.6856422499600754
13193,3,3,False,0.013827502492384694,-0.16300104301046975,6,0.06294846474320623,0.778909206256022,-0.02256047820807644,-0.5142603200178125
13195,1,1,False,-0.18125458195239952,-0.03835279061431382,62,0.2924696870538866,0.6997166824759914,-0.06825659245212887,-0.3320378950482544
13197,3,4,True,-0.5553888025773681,-0.5622499286093547,38,-0.06210424270370843,0.2379964753776056,-0.033800682357252004,-0.2995966493631915
13199,1,1,False,-0.5145078678332173,-0.23335324509820743,62,0.19223882429496672,0.8917029118392232,-0.06585185823630137,-0.10508502292406804
13201,2,2,False,-0.5173929759475573,0.03365873319848817,19,-0.36789367594556965,0.000660090310662019,0.07188012107751117,-0.13540799390472244
13205,2,2,False,-0.2154732633315837,-0.3386948114661136,19,-0.3784182895169485,0.04752754241854001,0.08908992713182035,-0.15209777838375657
13207,5,1,True,0.040049013435728475,0.3038142703865841,62,0.2273984259973644,0.8569677313539472,-0.09322310381426085,-0.13115431993701887
13209,4,4,False,-0.003372991121376595,-0.14580054939670845,38,0.06605111560169638,0.5865056714164225,-0.010384089175757505,-0.20520906623792878
13211,5,1,True,-0.002599031543260494,0.01190161313458898,62,0.24831358564269757,0.7880964640134228,-0.08396767729284305,-0.2178455563825499
13213,1,1,False,-0.45036992173135426,-0.5087926873459552,62,0.1903447219117262,0.7505434294315334,0.04529252833128816,-0.2661567763262889
13215,3,4,True,1.0949942620563236,-0.09961803178419981,38,-0.06099539329776969,0.23574737353946992,-0.03525540083559989,-0.2998468429438167
13217,1,1,False,-0.01121734775935107,-0.24360694083167622,62,0.23646962876872255,0.8004945759327086,-0.08264322883152056,-0.202671236635257
13219,1,1,False,0.011038582419408471,3.0621356932872468,62,0.263793534785663,0.7471478210803493,-0.0772763782563333,-0.2703853646664334
13221,1,1,False,-0.33392961592941695,0.6601844417395726,62,0.2733522509138098,0.7377842670565962,-0.07780314697129495,-0.2837295490417759
13223,1,1,False,-0.35407467792586644,-0.2353103128961449,62,0.13550080256647423,0.819766968738309,-0.013977376144141185,-0.22408988966412832
13225,3,3,False,0.7472508249432399,0.001606993158684622,6,-0.09747076885500679,1.5394288595119165,0.02765752316614549,-0.61427395523182
13227,1,1,False,-0.6936311302381165,0.35076455158630393,62,0.19969696878376114,0.7423195261456921,0.012030737963192484,-0.2848886815472836
13229,6,6,False,-0.6207680806196201,-0.19752686436043299,17,-0.31540762126763133,0.16332121916065404,0.18863082540303427,-0.49468088895908746
13231,5,1,True,-0.08531486328613802,-0.20472634132920325,62,0.20867480832423926,0.8881912133831924,-0.08907613938675905,-0.0974357200495868
13233,1,1,False,0.03152694746957142,-0.7617796023888391,62,0.1286035329543035,0.8256647705595561,0.007613809900195889,-0.22044089384129795
13235,4,4,False,0.21103560138887845,-0.25455839383402123,38,-0.06829262032602332,0.2774383793777854,-0.025105102833645976,-0.28653002240472825
13237,5,5,False,0.10548719227134107,0.027074595405086666,17,0.019329165265171082,0.08521687135714168,-0.11059183155462202,-0.5204479241391413
13239,4,4,False,-0.4600599430906782,-0.18215042176780427,38,-0.052604568703969345,0.23082406859444865,-0.03237248616373782,-0.3002375750061784
13241,1,1,False,-0.08366167038046729,0.19861500004473803,62,0.27973847238180893,0.7096194992547773,0.01755781751520985,-0.3037894285712792
13243,4,4,False,0.02588750259010411,-0.8970078216066283,38,-0.05346144219606801,0.23207139812215374,-0.030958263117715087,-0.30025467522987614
13245,5,5,False,1.6009413532959789,-0.482305916938756,17,0.08848775741534892,0.5001440193366017,-0.15537161227373747,-0.3946224990919171
13247,1,1,False,0.972189109384196,0.28731399107028344,62,0.23024128342491135,0.7960325580745162,-0.07962491250555048,-0.20984185687345142
13249,3,4,True,-0.576500741785703,0.05754958301231994,38,-0.06232630168134513,0.2396852118826491,-0.03204373049413216,-0.29932860551796614
13251,3,4,True,-0.2789662427429185,-0.13433416795752234,38,0.10767082409975107,0.6411239547035448,-0.04504917739843026,-0.2090070699620898
13253,2,2,False,-0.37603746862224124,-0.178130606175456,19,-0.35203973885977596,-0.013318948281398141,0.06682752065584663,-0.1610654297268652
13255,1,1,False,0.02686390945305428,4.713015043119814e-05,62,0.21287300961360298,0.8657524537600685,-0.08724436728348617,-0.12411750041297567
13257,1,1,False,0.34985910226828926,0.029221097578337296,62,0.2870964308756242,0.7006790660746384,-0.02012014329657144,-0.3236698556216139
13259,4,4,False,-0.6401795722186775,0.12122841344529445,38,-0.05652323793999298,0.2333362722363057,-0.03289645851576642,-0.3001369948737904
13261,4,4,False,0.07511319858971235,0.7970038255973119,38,-0.06112294529837022,0.23995663838723147,-0.029828616402526986,-0.299294148199425
13263,3,1,True,-0.6311424672087843,-0.04628481367401238,62,0.2074512029193596,0.9063333467492376,-0.08806692509520803,-0.07714495421337395
13265,5,5,False,-0.8059686813701807,-0.13558546969497165,17,0.04030511151915232,0.41300216250163224,-0.06757864481754763,-0.5400326409141591
13267,4,6,True,-0.5316400773962142,-0.25143795155952464,17,-0.3118953746416574,-0.07920218154677014,0.32142392876135045,-0.5747059693737737
13269,3,3,False,-0.8762837100387002,0.1988564291559035,6,-0.049747889820726476,0.5778704232587094,0.07820052278350959,-0.5368394666114762
13271,2,4,True,-0.43616918940854715,0.02286877870810633,38,0.0030798473183154956,0.49444288016321963,0.04453010805000554,-0.2189933589264691
13273,4,4,False,-0.057569871100298375,-0.2500797915272002,38,-0.055812085789384805,0.23491385448057334,-0.029115401659932427,-0.3000645097801554
13275,2,2,False,-0.12737378273508262,0.5592793566181804,19,-0.3993906467232032,0.05595253492654161,0.13242967143317969,-0.37897849599979583
13277,2,2,False,0.15925675459428867,0.3782995673617514,19,-0.4345661306222221,0.3415942519415268,0.17814864990684465,-0.2079813488040882
13279,4,4,False,0.23738467822329257,-0.1576482645833358,38,0.09211920794219784,0.6311268297388818,-0.014907068496315762,-0.20384254718986017
13281,1,1,False,0.02715916506662175,0.05257724857333501,62,0.2702538973753168,0.7164449805204833,0.0340599304984181,-0.29197100743047794
13283,3,4,True,-0.27515606066883774,-0.5431388843112153,38,0.05112831715683014,0.5505399459011077,-0.027466104600460256,-0.20803035848513066
13285,1,1,False,0.18386001843439193,0.28326247147301986,62,0.17596895135665463,0.8901729167804535,-0.040172380517055004,-0.11963963441725542
13287,2,2,False,-0.4271256590178457,-0.23269316385279382,19,-0.41031033440316456,0.3684474712051214,0.1791956895363478,-0.08364661842409385
13289,5,3,True,-1.0968737500683743,0.014451934905965524,6,-0.2829260043996438,0.891393207414354,0.40517924816825485,-0.533018503253114
13291,1,1,False,-0.2613487884946686,0.11217524797658354,62,0.259341986768033,0.7211785506671271,0.035341801456481414,-0.28813475039612246
13293,5,1,True,-0.17999903361711173,-0.16286754503470086,62,0.21424627918590183,0.89546025684562,-0.09439186637273825,-0.08624816653593136
13295,1,1,False,-0.13916838346775284,-0.30934894325700196,62,0.10369509976693625,0.7859124854075339,0.023487877976352434,-0.2583347335012382
13297,1,1,False,0.07224378930938763,-0.3446765359125719,62,0.2484623200396044,0.7652956379456564,-0.07757164929370328,-0.24716156474014042
13299,6,6,False,-0.1685800401317345,0.07223187365012074,17,-0.3011850471763948,0.35394498285276377,0.13593224835823248,-0.49239588433264847
13301,5,5,False,-0.9024065601086538,-0.2856660031266972,17,0.025948271379075426,0.4294685766871906,-0.07383864957665602,-0.511835471089538
13303,5,5,False,-0.212480772323042,0.01048185776848598,17,-0.061383955622850525,0.23051731656479693,-0.027747090020644613,-0.5459913030057306
13305,6,6,False,-0.08884756966356666,-0.14836826091530367,17,-0.2316443354422927,-0.06419949404627562,0.2847252535009348,-0.6318401338010543
13307,4,4,False,-0.6285356095083713,-0.33062699956893815,38,-0.057572535925160595,0.2351958493999101,-0.03121432728853986,-0.30001976986514267
13309,4,4,False,-0.5347801926639948,0.12147978196355397,38,0.03134145123258676,0.530690557336314,0.0014098880318228896,-0.20833069323779596
13311,1,1,False,-0.056287161911279915,0.5234096518186917,62,0.2689795833249816,0.7137413803990513,0.014663771393410963,-0.30128240391927535
13313,1,1,False,0.9843938158527128,-0.7990066541398138,62,0.1611150635880817,0.762347982060923,0.041700124113840664,-0.2609146123537591
13315,2,4,True,-0.6210064022166109,0.03162141139459951,38,-0.06459098159243681,0.2795837455369957,-0.014166495094699305,-0.28685544323522233
13317,5,5,False,-0.10054551703815812,0.004197350556544355,17,0.12885358230284208,0.45251275068825514,-0.14273664560634414,-0.46170483647975336
13319,5,5,False,-0.7426120600920664,0.3645285654159398,17,-0.007287231887297685,0.09686065172253655,-0.07528546049240495,-0.5487887358288643
13321,2,2,False,-0.5606313160707392,-0.2576636289093138,19,-0.44630023192269985,0.34787496730179024,0.21367443655366175,-0.07298601994647459
