AreaKey,initial,iter1,iter2,iter3,iter4,iter5,iter6,iter7,iter8,final
13001,6,6,6,6,6,6,6,6,6,6
13003,6,6,6,6,6,6,6,6,6,6
13005,6,6,6,6,6,6,6,6,6,6
13007,2,2,2,2,2,2,2,2,2,2
13009,5,5,5,5,5,5,5,5,5,5
13011,1,1,1,1,1,1,1,1,1,1
13013,1,1,1,1,1,1,1,1,1,1
13015,1,1,1,1,1,1,1,1,1,1
13017,2,2,2,2,2,2,2,2,2,2
13019,2,2,2,2,2,2,2,2,2,2
13021,5,3,3,3,3,3,3,3,3,3
13023,3,3,3,4,4,4,4,4,4,4
13025,6,6,6,6,6,6,6,6,6,6
13027,2,2,2,2,2,2,2,2,2,2
13029,6,6,4,4,4,4,4,4,4,4
13031,4,4,4,4,4,4,4,4,4,4
13033,5,5,4,4,4,4,4,4,4,4
13035,5,5,5,1,1,1,1,1,1,1
13037,4,4,4,4,4,4,4,4,4,4
13039,6,6,6,6,6,6,6,6,6,6
13043,4,4,4,4,4,4,4,4,4,4
13045,1,1,1,1,1,1,1,1,1,1
13047,1,1,1,1,1,1,1,1,1,1
13049,6,6,6,6,6,6,6,6,6,6
13051,6,4,4,4,4,4,4,4,4,4
13053,3,3,3,3,3,3,4,4,4,4
13055,1,1,1,1,1,1,1,1,1,1
13057,1,1,1,1,1,1,1,1,1,1
13059,1,1,1,1,1,1,1,1,1,1
13061,4,4,4,4,4,4,4,4,4,4
13063,1,1,1,1,1,1,1,1,1,1
13065,6,6,6,6,6,6,6,6,6,6
13067,1,1,1,1,1,1,1,1,1,1
13069,6,6,2,2,2,2,2,2,2,2
13071,2,2,2,2,2,2,2,2,2,2
13073,5,5,5,5,5,5,5,5,5,5
13075,2,2,2,2,2,2,2,2,2,2
13077,1,1,1,1,1,1,1,1,1,1
13079,5,5,3,3,3,3,3,3,3,3
13081,4,2,4,4,4,4,4,4,4,4
13083,1,1,1,1,1,1,1,1,1,1
13085,1,1,1,1,1,1,1,1,1,1
13087,2,2,2,2,2,2,2,2,2,2
13089,1,1,1,1,1,1,1,1,1,1
13091,4,4,4,4,4,4,4,4,4,4
13093,4,4,4,4,4,4,4,4,4,4
13095,2,4,4,4,4,4,4,4,4,4
13097,1,1,1,1,1,1,1,1,1,1
13099,4,2,2,2,2,2,2,2,2,2
13101,6,6,6,6,6,6,6,6,6,6
13103,4,4,4,4,4,4,4,4,4,4
13105,1,1,1,1,1,1,1,1,1,1
13107,3,3,4,4,4,4,4,4,4,4
13109,4,6,6,4,4,4,4,4,4,4
13111,1,1,1,1,1,1,1,1,1,1
13113,1,1,1,1,1,1,1,1,1,1
13115,1,1,1,1,1,1,1,1,1,1
13117,1,1,1,1,1,1,1,1,1,1
13119,1,1,1,1,1,1,1,1,1,1
13121,1,1,1,1,1,1,1,1,1,1
13123,1,1,1,1,1,1,1,1,1,1
13125,5,5,5,5,5,5,5,5,5,5
13127,6,6,6,6,6,6,6,6,6,6
13129,1,1,1,1,1,1,1,1,1,1
13131,2,2,2,2,2,2,2,2,2,2
13133,5,5,5,5,1,5,1,5,5,5
13135,1,1,1,1,1,1,1,1,1,1
13137,1,1,1,1,1,1,1,1,1,1
13139,1,1,1,1,1,1,1,1,1,1
13141,5,5,5,5,5,5,5,5,5,5
13143,1,1,1,1,1,1,1,1,1,1
13145,3,1,1,1,1,1,1,1,1,1
13147,1,1,1,1,1,1,1,1,1,1
13149,1,1,1,1,1,1,1,1,1,1
13151,1,1,1,1,1,1,1,1,1,1
13153,3,3,3,3,3,3,3,3,4,4
13155,2,2,2,2,2,2,2,2,2,2
13157,1,1,1,1,1,1,1,1,1,1
13159,5,5,5,5,1,1,1,1,1,1
13161,6,6,4,4,4,4,4,4,4,4
13163,5,5,5,5,5,5,5,5,5,5
13165,3,4,4,4,4,4,4,4,4,4
13167,3,3,5,5,5,5,5,5,5,5
13169,5,5,5,5,5,5,5,5,5,5
13171,5,5,5,5,5,1,1,1,1,1
13173,6,6,6,6,6,6,6,6,6,6
13175,3,3,3,4,4,4,4,4,4,4
13177,4,4,4,4,4,4,4,4,4,4
13179,6,6,6,6,6,6,6,6,6,6
13181,5,5,5,5,5,5,5,5,5,5
13183,6,6,6,6,6,6,6,6,6,6
13185,6,2,2,2,2,2,2,2,2,2
13187,1,1,1,1,1,1,1,1,1,1
13189,5,5,5,5,5,5,5,5,5,5
13191,6,6,6,6,6,6,6,6,6,6
13193,3,3,3,3,3,3,3,3,3,3
13195,1,1,1,1,1,1,1,1,1,1
13197,3,3,3,3,3,3,3,4,4,4
13199,1,1,1,1,1,1,1,1,1,1
13201,2,2,2,2,2,2,2,2,2,2
13205,2,2,2,2,2,2,2,2,2,2
13207,5,5,5,5,5,5,1,1,1,1
13209,4,4,4,4,4,4,4,4,4,4
13211,5,1,1,1,1,1,1,1,1,1
13213,1,1,1,1,1,1,1,1,1,1
13215,3,3,3,3,3,3,3,4,4,4
13217,1,1,1,1,1,1,1,1,1,1
13219,1,1,1,1,1,1,1,1,1,1
13221,1,1,1,1,1,1,1,1,1,1
13223,1,1,1,1,1,1,1,1,1,1
13225,3,3,3,3,3,3,3,3,3,3
13227,1,1,1,1,1,1,1,1,1,1
13229,6,6,6,6,6,6,6,6,6,6
13231,5,1,5,5,1,1,1,1,1,1
13233,1,1,1,1,1,1,1,1,1,1
13235,4,4,4,4,4,4,4,4,4,4
13237,5,5,5,5,5,5,5,5,5,5
13239,4,4,4,4,4,4,4,4,4,4
13241,1,1,1,1,1,1,1,1,1,1
13243,4,4,4,4,4,4,4,4,4,4
13245,5,5,5,5,5,5,5,5,5,5
13247,1,1,1,1,1,1,1,1,1,1
13249,3,3,3,3,3,3,3,3,4,4
13251,3,4,4,4,4,4,4,4,4,4
13253,2,2,2,2,2,2,2,2,2,2
13255,1,1,1,1,1,1,1,1,1,1
13257,1,1,1,1,1,1,1,1,1,1
13259,4,4,4,4,4,4,4,4,4,4
13261,4,4,4,4,4,4,4,4,4,4
13263,3,3,3,3,3,3,3,3,1,1
13265,5,5,5,5,5,5,5,5,5,5
13267,4,6,6,6,6,6,6,6,6,6
13269,3,3,3,3,3,3,3,3,3,3
13271,2,4,4,4,4,4,4,4,4,4
13273,4,4,4,4,4,4,4,4,4,4
13275,2,2,2,2,2,2,2,2,2,2
13277,2,2,2,2,2,2,2,2,2,2
13279,4,4,4,4,4,4,4,4,4,4
13281,1,1,1,1,1,1,1,1,1,1
13283,3,3,4,4,4,4,4,4,4,4
13285,1,1,1,1,1,1,1,1,1,1
13287,2,2,2,2,2,2,2,2,2,2
13289,5,3,3,3,3,3,3,3,3,3
13291,1,1,1,1,1,1,1,1,1,1
13293,5,5,5,3,3,3,1,1,1,1
13295,1,1,1,1,1,1,1,1,1,1
13297,1,1,1,1,1,1,1,1,1,1
13299,6,6,6,6,6,6,6,6,6,6
13301,5,5,5,5,5,5,5,5,5,5
13303,5,5,5,5,5,5,5,5,5,5
13305,6,6,6,6,6,6,6,6,6,6
13307,4,4,4,4,4,4,4,4,4,4
13309,4,4,4,4,4,4,4,4,4,4
13311,1,1,1,1,1,1,1,1,1,1
13313,1,1,1,1,1,1,1,1,1,1
13315,2,4,4,4,4,4,4,4,4,4
13317,5,5,5,5,5,5,5,5,5,5
13319,5,5,5,5,5,5,5,5,5,5
13321,2,2,2,2,2,2,2,2,2,2
