AreaKey,K6,PctFB,PctBlack,PctRural,z_PctFB,z_PctBlack,z_PctRural
13011,1,0.7217709636894236,-0.0840183324839603,-0.3006812924793522,1.0406730647451596,-0.4918147448063509,0.44024132384435793
13013,1,0.7171599410314891,-0.0922635898424641,-0.2964083107302308,1.0210511068809835,-0.5900225935697134,0.5107613355199101
13015,1,0.717821109593202,-0.0481079376313717,-0.2669135660340481,1.0238646739834407,-0.06409217977587509,0.9975337727693533
13045,1,0.6756206747048609,-0.0595349745439392,-0.2601541161069682,0.8442830027018996,-0.2001976600693889,1.1090897109326727
13047,1,0.7247058160463649,-0.037105991784508,-0.2642666729593297,1.0531621704289897,0.06695011361198827,1.0412173037302466
13055,1,0.7160186191060992,-0.0372236700928732,-0.2597570454459604,1.0161942730740787,0.06554846742822919,1.1156428462593204
13057,1,0.7219935262279034,-0.0563961927195338,-0.2749861135754188,1.0416201676063175,-0.1628121671357478,0.8643068646539699
13059,1,0.713997446371854,-0.1143742326189931,-0.3092349006053204,1.0075932816737576,-0.8533786742163125,0.29907513584568557
13063,1,0.6904639690327001,-0.0957891725507286,-0.2738341283628658,0.9074478399783426,-0.6320152056085442,0.8833188837565565
13067,1,0.7122964892352336,-0.0627289040999495,-0.2712329640363229,1.0003549504532196,-0.23824000819257857,0.9262477211464073
13077,1,0.6616662065144768,-0.0818471090718209,-0.2647326610109982,0.7849005170449426,-0.46595367446984515,1.033526776418473
13083,1,0.7212957199961983,-0.0324072690083302,-0.2590588922974669,1.0386506908781314,0.12291579615165027,1.1271649568307514
13085,1,0.7254821580306119,-0.061533524731195,-0.2830564454234489,1.0564658518101413,-0.2240020491869196,0.7311165236782152
13089,1,0.7052985164948476,-0.0873525000809293,-0.2806276518016383,0.9705754554402816,-0.5315274442258695,0.7712006065561272
13097,1,0.6968469836525704,-0.0651031057966355,-0.2656603968680998,0.9346104139253587,-0.2665187181253112,1.0182157015494813
13105,1,0.7026970805778797,-0.1279083861887161,-0.323743578504208,0.9595051854078276,-1.0145816602631508,0.05962825895772619
13111,1,0.7292420045454181,-0.0480054780270063,-0.2762314573643847,1.0724656755720883,-0.06287180096993113,0.8437540835530423
13113,1,0.6762142218852703,-0.0951168951064837,-0.2695091604154818,0.8468088106686751,-0.6240078240677692,0.9546968600862282
13115,1,0.7119449914801982,-0.0407691349534171,-0.2599734001458305,0.9988591707422289,0.023319042477533077,1.112072193058184
13117,1,0.7226336906114519,-0.0674476328294142,-0.2839211505618181,1.0443443525631015,-0.29444397821671076,0.7168456889230128
13119,1,0.7175098376077841,-0.0939751875440712,-0.3092060690336646,1.0225400728623295,-0.610409140758539,0.29955096347359633
13121,1,0.7012365228115125,-0.0759761543268396,-0.2729066045595567,0.9532898607226329,-0.3960257376423773,0.8986264589532352
13123,1,0.7273831908722834,-0.0488577327471949,-0.274989316670562,1.0645555943867702,-0.07302286103136404,0.8642540017305695
13129,1,0.7222166695491343,-0.0440240103449714,-0.2672206009218531,1.0425697419571034,-0.015449221058556225,0.9924665608915434
13135,1,0.7179493263933935,-0.0791605891129984,-0.2865162991329255,1.0244102936512398,-0.43395499518742303,0.6740161337600606
13137,1,0.7249992437133775,-0.0741559285749373,-0.2974334824985092,1.0544108360169582,-0.37434534034421013,0.4938422075401788
13139,1,0.7228620838633687,-0.0749040488050387,-0.2918535969699741,1.0453162677103547,-0.3832560723226165,0.5859309679710994
13143,1,0.692488277373548,-0.0484743400439342,-0.2585696165072468,0.9160621747831968,-0.06845633618178244,1.1352398180084249
13147,1,0.710808434239557,-0.1071887705677746,-0.3167345725098685,0.9940226127939156,-0.7677938659151925,0.1753027957507898
13149,1,0.6431399056813364,-0.0683633666119268,-0.2611297758023615,0.7060628445166169,-0.3053511265215174,1.0929877153824579
13151,1,0.6849541909271225,-0.1195418523575284,-0.2752807207091389,0.8840012768514911,-0.9149293081968549,0.8594447567093446
13157,1,0.7194241112270494,-0.0921749689449988,-0.3019158045557862,1.0306861608528306,-0.5889670452323932,0.4198673060845968
13187,1,0.7286272257752814,-0.0596601790118316,-0.2851450159193653,1.0698495177220169,-0.2016889490507562,0.6966473814246767
13195,1,0.7133202065412096,-0.1088046897483141,-0.3123402171081408,1.0047113241544254,-0.7870408026202754,0.24782592185589816
13199,1,0.600563867881176,-0.1110498660037556,-0.271906354001517,0.524882815331391,-0.8137827126122155,0.9151342947393198
13213,1,0.7285866085365931,-0.0422486716866541,-0.2701049707796907,1.0696766732566507,0.0056965337528392885,0.9448637841904404
13217,1,0.7043260935431518,-0.1205682301300817,-0.288236180288699,0.9664373620931366,-0.9271543181241717,0.6456317300095299
13219,1,0.7134147365136129,-0.122717432738061,-0.3082272533361416,1.0051135913461093,-0.9527531024324105,0.31570504473821404
13221,1,0.708583398382353,-0.1363230351509773,-0.313687674708245,0.9845540928851683,-1.1148071034180858,0.2255878849835909
13223,1,0.707677192483305,-0.053286794901378,-0.2643938750899252,0.980697782628963,-0.12577666206984087,1.0391179978447036
13227,1,0.7240868628542535,-0.0532821759485551,-0.2751353528284479,1.0505282485516796,-0.1257216465135576,0.8618438646965682
13233,1,0.7042822747092016,-0.0451585879326529,-0.2599066096087535,0.9662508934120623,-0.02896298045945678,1.1131744840884354
13241,1,0.7262854607044389,-0.0704385488861508,-0.2971145335782787,1.0598842629495637,-0.3300682673070881,0.4991060450426871
13247,1,0.7051050627402149,-0.1015614975723088,-0.2859182999765455,0.9697522234365223,-0.7007683806865371,0.6838853328266276
13255,1,0.6657301129901574,-0.129708566354665,-0.2692732272981194,0.8021942515471009,-1.0360232980189423,0.9585906296288818
13257,1,0.7198557086783126,-0.0873366956679305,-0.3075192013084509,1.0325228004946678,-0.5313392005684439,0.3273905234486983
13281,1,0.7291360207540136,-0.0611052978297283,-0.2892250960194367,1.0720146672723034,-0.21890151187836965,0.6293109608201701
13285,1,0.5959203764103647,-0.0857058952860881,-0.2687241042305491,0.5051226881877662,-0.5119150164223866,0.9676531923567324
13291,1,0.7299232588591091,-0.0569873618168683,-0.2850834794780331,1.07536471650719,-0.16985348104267184,0.6976629604315641
13295,1,0.722413503401664,-0.0359048554402677,-0.2616357115881261,1.0434073577848926,0.08125664296703257,1.0846379026254682
13297,1,0.7113904766200302,-0.1062826181492721,-0.2945590155127018,0.9964994627059752,-0.7570008395967277,0.5412815502057087
13311,1,0.7273716591051608,-0.0662033257057265,-0.2910622881038194,1.0645065215746488,-0.2796232490987453,0.598990492620759
13313,1,0.7256584265818851,-0.0398214813932724,-0.2666517499920809,1.0572159531092338,0.03460638178887277,1.0018547063516623
13007,2,0.1509126730539193,0.0515038174754309,-0.3586016371808913,-1.3885835570999852,1.1223663812164706,-0.5156587067243086
13017,2,0.2104237511191391,0.0980398023856015,-0.3717258890994305,-1.1353373787846284,1.6766485302628733,-0.7322574316588507
13019,2,0.1522199071697449,0.0994196785983037,-0.3935443238666731,-1.3830206929281503,1.6930839995899107,-1.0923423477352128
13027,2,0.1258162392525566,0.1024228933176987,-0.3894211807516313,-1.495380075599855,1.728854775945613,-1.024295228022496
13071,2,0.138080036764277,0.0992435662887546,-0.3715561766741957,-1.4431921476972065,1.690986356022275,-0.7294565485959863
13075,2,0.1385540779436941,0.1022044172847196,-0.3876815581233493,-1.441174891062737,1.7262525453211073,-0.995585016919272
13087,2,0.1312054325056645,0.0693900932304655,-0.3690164136593893,-1.4724466547994994,1.3354067495051065,-0.6875410600746257
13095,2,0.1680559161291885,0.0508026206171575,-0.3557585058595406,-1.315631412156733,1.114014545486366,-0.46873651848467923
13131,2,0.1223410398595875,0.0894733215609226,-0.3690890699625553,-1.5101685989095615,1.5746146437891375,-0.6887401579525002
13155,2,0.187805937181216,0.1000273237967708,-0.3743567188845271,-1.2315862643341309,1.700321557516625,-0.7756758588963525
13201,2,0.1381655630549365,0.0466383472104356,-0.3620816322853846,-1.4428281951868644,1.064414597885598,-0.5730915041965167
13205,2,0.1405918579056951,0.0757220743303551,-0.3651166645674248,-1.432503228501713,1.4108258923156192,-0.6231807684460445
13253,2,0.1261227802823594,0.0568257966457315,-0.3645674788315047,-1.4940756068048293,1.1857555639615789,-0.6141171714585086
13271,2,0.2405600091384918,0.0926412105098798,-0.3770689623526818,-1.0070941605427646,1.6123468267000143,-0.8204379131879569
13275,2,0.1224753022294089,0.1005483187552987,-0.3764003558838984,-1.5095972526467436,1.7065270392704253,-0.8094034321736987
13277,2,0.1628330447944278,0.1002694740871091,-0.3696663641558559,-1.337857059017161,1.7032057681673725,-0.6982676485064109
13287,2,0.1904128166944953,0.0864604346039019,-0.3531466034813295,-1.2204928293716006,1.5387286630670165,-0.4256304635045187
13315,2,0.2362135010420469,0.0848964049680027,-0.3476384313061085,-1.0255904909778326,1.5200997738443665,-0.3347252387893884
13321,2,0.1579784699873846,0.0877028802454447,-0.3591506187994845,-1.3585154398968078,1.55352722038985,-0.5247189350205841
13023,3,0.4151835182879513,-0.0282737064201689,-0.3177618978543565,-0.26399324935355006,0.17214995245040554,0.158348125793966
13053,3,0.3365746870994685,-0.0930383399301933,-0.3429840870605495,-0.5985088845518108,-0.599250509223145,-0.2579113346330356
13107,3,0.4602070586559329,-0.0718146942681497,-0.3498524646933399,-0.07239800518871199,-0.34645929934835745,-0.3712649830440238
13145,3,0.4922844304005078,-0.1069116950680754,-0.2985102855828813,0.06410551766482889,-0.7644936670751372,0.4760709717754104
13153,3,0.3955751448153201,-0.0480752032488305,-0.3086401632206093,-0.3474356235528878,-0.06370228614973465,0.3088905036090368
13165,3,0.5086288194575099,-0.1077464572518567,-0.3398428986819683,0.13365818248210737,-0.7744363765302422,-0.20607010194389544
13167,3,0.5560926298975953,-0.0908010868584952,-0.3033464744809264,0.3356378641316832,-0.5726029709162795,0.39625595790940493
13175,3,0.4362629995107155,-0.0234660761847215,-0.3295742975076984,-0.17429065558294202,0.2294128130918669,-0.03660018205715766
13193,3,0.376575893854972,-0.0738174892850979,-0.3115879600461239,-0.42828590980193687,-0.37031424790561596,0.2602409472201786
13197,3,0.3605150871496347,-0.0950974415316545,-0.3267746878803541,-0.4966318052389312,-0.6237761158685385,0.009603737172757794
13215,3,0.401373932882348,-0.1049449947667529,-0.3264127580525314,-0.32275919414547355,-0.741068636496081,0.015576918707884625
13225,3,0.4754541592738942,-0.1123252857073633,-0.291597272453863,-0.00751479205557521,-0.8289740183429618,0.590161271054561
13249,3,0.3162378718741433,-0.0668819450002154,-0.3310576571117589,-0.6850511032841766,-0.2877061673320167,-0.061081104920658255
13251,3,0.463786081994104,-0.1041976667394642,-0.3643416211341079,-0.05716766468807493,-0.7321673403097473,-0.610389683630902
13263,3,0.508194920949652,-0.1249094930601723,-0.2872002220522476,0.13181175081821903,-0.9788623576361967,0.6627288746310718
13269,3,0.4621831844058369,-0.1205932076050154,-0.2928550173416898,-0.06398870879711756,-0.927451820551825,0.5694038259302877
13283,3,0.3879085294632814,-0.0229495940266095,-0.3621538099932248,-0.38006049108410356,0.2355645436525298,-0.574282703480401
13031,4,0.3694616918146307,-0.0502538761799865,-0.4023163300017602,-0.45856001232290405,-0.0896520864318481,-1.2371129110992027
13037,4,0.175708833787414,0.0156416725830032,-0.3621547353105097,-1.283064834421681,0.6952185132008105,-0.5742979746398784
13043,4,0.3760115752013668,-0.0426492945055104,-0.389213461613004,-0.430687337351627,0.0009247839462897922,-1.020867093539066
13061,4,0.1802550120094558,-0.0092681077059183,-0.3665826466173528,-1.2637188185519828,0.3985223848719664,-0.6473748973580923
13081,4,0.2274765827030411,0.048966044221653,-0.341929553402081,-1.062769975059464,1.092139398471574,-0.24050762680705356
13091,4,0.304149370345481,0.056706715862186,-0.3459146211158274,-0.7364930685992401,1.1843372131360588,-0.30627599142949635
13093,4,0.2930322601018972,-0.0011404950674369,-0.3239472789760226,-0.783801330768725,0.4953289875165704,0.056266447348389044
13099,4,0.1593420366870806,0.0230254776603627,-0.3669450969674805,-1.3527128554570227,0.7831657513288702,-0.6533566694375237
13103,4,0.3436727747905458,-0.0484516174665311,-0.4202026654100669,-0.5683033557737468,-0.06818569145256535,-1.5323036364249012
13109,4,0.3006531392670748,-0.0090611309113338,-0.4226463831372157,-0.7513710911103331,0.4009876500366875,-1.572634022269802
13177,4,0.2005435500462769,0.0290142210835072,-0.3501975737078252,-1.1773820407876845,0.8544966489358652,-0.3769605589111209
13209,4,0.300642065899493,0.0210719849656335,-0.392497804349593,-0.7514182132279681,0.7598980342907313,-1.0750709028996823
13235,4,0.3019771513824786,0.0423028337571587,-0.3315657690203826,-0.7457368290675286,1.0127750394075585,-0.06946683175789514
13239,4,0.2219666711161086,-0.0461235971547214,-0.3676369811418684,-1.0862171062090116,-0.04045704008858527,-0.6647753187369255
13243,4,0.2035146492105309,-0.0250848137487538,-0.3603623094475749,-1.1647386887731457,0.21013230710352437,-0.5447163147585297
13259,4,0.2711913547529425,-0.0701413886190629,-0.3563840289834605,-0.8767441237812883,-0.3265288422412895,-0.4790599648722582
13261,4,0.2653290928585594,-0.0268896261919159,-0.3399688130973173,-0.90169066263258,0.1886354950869178,-0.20814815576248621
13267,4,0.2794801313649734,0.0116879527474162,-0.4226134366036724,-0.8414716826131736,0.6481264331378913,-1.5720902825427086
13273,4,0.2105622279752327,-0.0036747816453943,-0.3550998534561361,-1.1347480980031177,0.4651435339704335,-0.457866316385696
13279,4,0.2990951304374505,0.0101827439953252,-0.4061864131045805,-0.7580011135315624,0.6301981493918195,-1.3009836041234257
13307,4,0.2511197699379894,-0.0440183972744553,-0.3515727981751098,-0.962157668828292,-0.015382364736627735,-0.39965685184739463
13309,4,0.2850065344180891,0.0489352757652282,-0.3783701962821306,-0.8179543729200427,1.0917729206548283,-0.841913088436768
13009,5,0.7244111580145961,-0.1714052381642977,-0.2367488250344566,1.0519082690902577,-1.532665217242073,1.4953636284476677
13021,5,0.5988671708019963,-0.1610466245140614,-0.2653064085397653,0.517662612555192,-1.4092855435061995,1.0240578189543335
13033,5,0.5904169718961528,-0.1459905038551663,-0.3069444791652628,0.48170324753471305,-1.2299546680294366,0.33687556565749227
13035,5,0.6802794792121625,-0.1489178391711418,-0.2680163590365568,0.8641082936452007,-1.264821657801984,0.9793336071757087
13073,5,0.6906711873776318,-0.1696568908831845,-0.2822912539723533,0.9083296464526475,-1.5118409521034821,0.7437450143279564
13079,5,0.52637626121698,-0.1431040196476324,-0.2811213396112004,0.20918146229119686,-1.1955742488156011,0.7630529307319663
13125,5,0.7249394037791245,-0.1688343620535597,-0.2488468654669364,1.054156190408898,-1.5020439520353173,1.2957011906838758
13133,5,0.7216328209890474,-0.1549187976101848,-0.2880367095701676,1.040085205945255,-1.3362980463720675,0.648923735036853
13141,5,0.7425943286745987,-0.1690990379490242,-0.2478962587561841,1.1292857697003968,-1.5051964613122142,1.3113897192751562
13159,5,0.7019781132567419,-0.1515923405575287,-0.2726497764151768,0.9564456588065409,-1.2966771859257722,0.9028650737668846
13163,5,0.6756982655738554,-0.1549360096911271,-0.2638041118671178,0.8446131864539649,-1.3365030565213678,1.0488512735290056
13169,5,0.680575703712294,-0.1718475938889819,-0.2496103532022748,0.8653688610054404,-1.537934040545034,1.2831008176489866
13171,5,0.6294082031091721,-0.1489406409913498,-0.2709063391062339,0.6476283259156823,-1.2650932463786833,0.9316382412178161
13181,5,0.7030836062404839,-0.1619177109868188,-0.3026151128421407,0.9611500244875036,-1.419660905348379,0.4083261314636967
13189,5,0.7147294239451718,-0.1690920203671122,-0.2722407571718288,1.0107081727004692,-1.5051128760955093,0.9096154049196817
13207,5,0.6430225668688934,-0.1631728332953134,-0.2647520370203634,0.705563515538125,-1.4346104522809597,1.0332070005600948
13211,5,0.7169108165362097,-0.1463285177034849,-0.2892054420625728,1.0199909710473645,-1.2339806931069146,0.6296353238408632
13231,5,0.6208312644900038,-0.1320631383182343,-0.2722645893922776,0.6111296268907828,-1.064068201561241,0.9092220850875408
13237,5,0.725437519662864,-0.1645764575303334,-0.2626295040584544,1.0562758956472567,-1.4513287802360315,1.0682366491857505
13245,5,0.6614952699569985,-0.1651712597635782,-0.28294723853105,0.7841731057574453,-1.45841336780277,0.7329188415394139
13265,5,0.7284531495409918,-0.1649579256544008,-0.2751484873487573,1.0691087457094337,-1.4558723817523402,0.8616270965051851
13289,5,0.5823230167502654,-0.127671483331909,-0.2705614711884523,0.44725985859281714,-1.011759950894804,0.9373298380970873
13293,5,0.5594251702033087,-0.1409899009137239,-0.2781700976656473,0.3498193094010647,-1.1703933425248663,0.8117593443506469
13301,5,0.7328990976948214,-0.1704873167311593,-0.2545873108833594,1.088028237937614,-1.5217320122052003,1.200962597926663
13303,5,0.6895573596374391,-0.1422050948008604,-0.2513261964420299,0.9035898126657971,-1.184867308866618,1.2547830544556784
13317,5,0.7076042311509623,-0.1539572226960479,-0.3075672212668822,0.9803872996200629,-1.3248448921967397,0.3265980164294651
13319,5,0.6731321706352369,-0.140147112321597,-0.2487866729500978,0.8336933080459933,-1.1603550318941225,1.2966945899632227
13001,6,0.2275908401754463,0.0584064830349687,-0.4267259297329667,-1.0622837585570697,1.2045828489215091,-1.6399616380787088
13003,6,0.1651207350678613,0.0954137813430003,-0.412211776356171,-1.3281219166243228,1.645370443213813,-1.4004243955424323
13005,6,0.2047839017894346,0.0724098822061657,-0.4258329865258647,-1.1593374529801725,1.3713749389900556,-1.625224770690173
13025,6,0.1818171731486824,0.0659801754001863,-0.4524239708390323,-1.2570711262015208,1.29479180202549,-2.0640744158155138
13029,6,0.275181552269614,-0.0055417333413723,-0.44326670456023,-0.859764053772927,0.4429065919521214,-1.912945634366809
13039,6,0.1714039591968825,0.0649649805791117,-0.4632093293881358,-1.3013839957210984,1.2826999903186524,-2.242072744725806
13049,6,0.1580449467858865,0.0777408906713619,-0.4483301903192165,-1.3582325514714162,1.4348716681207998,-1.9965118875847496
13051,6,0.275218739209869,-0.0150274613984456,-0.450294130925589,-0.8596058067572621,0.3299237090735591,-2.028924175449063
13065,6,0.141772418038922,0.0944938755112769,-0.4260652980245124,-1.4274794186207438,1.6344136023451343,-1.6290587701216863
13069,6,0.1838504672285812,0.0941094459652458,-0.4058431345788865,-1.248418553069485,1.6298347278388277,-1.2953182380953858
13101,6,0.1288786411126793,0.0969770361884702,-0.4237348454267754,-1.482348189894609,1.663990104040308,-1.5905976780668183
13127,6,0.196231461871171,0.0485022649324142,-0.4638291739656618,-1.1957318991066286,1.0866154027590365,-2.252302474083567
13161,6,0.2360379059470318,0.068344482402578,-0.4077425682292964,-1.0263377264201943,1.3229526579485096,-1.3266659224685717
13173,6,0.1403051462188548,0.0984002708475336,-0.4075484052974309,-1.4337233145988102,1.680942008398747,-1.323461515563504
13179,6,0.250932381114582,0.0129676725181055,-0.4491890040019989,-0.9629550918448089,0.6633689562314514,-2.010685491520547
13183,6,0.2320345939035047,0.0304886892193938,-0.4515405072896805,-1.0433736045892303,0.8720587864652902,-2.0494939978607625
13185,6,0.1300924911694624,0.0998018337207366,-0.4069733092580695,-1.4771827165420457,1.6976357838261331,-1.3139703026841916
13191,6,0.2183985360149564,0.0330365265384332,-0.4619265844214821,-1.1014011124051246,0.9024056405684929,-2.220902705784317
13229,6,0.1901348436574855,0.0685533397980698,-0.4403104309825702,-1.2216757286163478,1.3254403226286684,-1.8641561801980526
13299,6,0.1596737854357207,0.0841526548903087,-0.4382116166017604,-1.3513011165760376,1.5112410940030903,-1.829517975934728
13305,6,0.207335540851577,0.0520907492768904,-0.4515271236606945,-1.148479090773735,1.129357225417676,-2.0492731184543507
