AreaKey,true_regime,initial_regime,refined_regime,true_Intercept,gwr_Intercept,mgwr_Intercept,grgwr_Intercept,oracle_Intercept,true_X1,gwr_X1,mgwr_X1,grgwr_X1,oracle_X1,true_X2,gwr_X2,mgwr_X2,grgwr_X2,oracle_X2,true_X3,gwr_X3,mgwr_X3,grgwr_X3,oracle_X3
13001,4,3,3,0.11217060298792843,0.09409693392517038,0.08882598111611942,0.15179116635471687,0.13683152788996752,-0.23779100921419635,-0.23330346271318922,-0.35388286311815437,-0.3410838449189081,-0.3519239939354445,-0.40718882443864846,-0.5673449145001953,-0.5984222083628383,-0.6026041437965787,-0.5921769687199144,0.5933206813156066,0.6317441116102329,0.5906944295860737,0.6915521384104623,0.6822492067808791
13003,4,3,3,0.15203923252463053,0.050007474444092925,0.08920975820302976,0.1641811054948979,0.15937427897279954,-0.18424756682543542,-0.03888795420799259,-0.10780797263647288,-0.37075624559301434,-0.37115552231269755,-0.44258365506248576,-0.5018641990262064,-0.6209556298452241,-0.5872399009248597,-0.5890428846974928,0.5976203600312701,0.6178753313692005,0.5045477904368736,0.7468393380175518,0.7430772520122347
13005,4,3,3,0.12584656766338062,0.08312997395037303,0.08867269545954065,0.15036956614291186,0.13920745551961242,-0.21965270974693377,-0.21301909671761712,-0.36488589984393066,-0.35912894998010314,-0.36264388820639376,-0.4175563662886666,-0.5664010892885037,-0.6533864894280752,-0.6022232282171643,-0.5920284048061903,0.5913877723906179,0.6678583770122221,0.6532565325103559,0.7256492985818187,0.7090149323577646
13007,1,2,2,0.1549156436836563,0.20226745318991304,0.09632182874948374,0.1352007072705816,0.13666927169623014,0.9259432724240094,0.7564411814995716,0.7532872992991761,0.8429081242811044,0.8439697027238036,-0.5313216442241424,-0.5099127260628328,-0.5794876614193003,-0.5838220588022971,-0.5844262407539026,0.28028703304948255,0.2743645904496552,0.35551488305830314,0.282298959214343,0.28084620480921196
13009,3,1,1,0.09314781982580658,0.022551670667338784,0.09200932826084285,-0.18389251448800908,0.2458136890473994,0.15102209964209856,0.138032575492402,0.32831454482518063,-0.4565712878892278,0.23863725906489813,-0.0006950117172464633,0.1434660792466376,0.36497554344265154,0.4941721251967653,0.09153554621577566,-0.7041419695736666,-0.06293368459049538,-0.008438856645938596,0.15032888410538855,-0.5767276252017325
13011,2,4,1,-0.09030488127757307,0.09187752732339065,0.04311214311465386,-0.09413242294491145,-0.013139863321583206,-0.8221202182944847,-0.5330454938295601,-0.44463843601285913,-0.7184871648886789,-0.7825249501460583,0.6515612111039975,0.5158629994520455,0.5655015705960648,0.5506114198785282,0.5809682184556791,0.32123381983609395,-0.10269520555755743,-0.29520995524158655,0.30890334501807554,0.25405456350299327
13013,2,4,1,-0.07034745819180048,0.11915287483974715,0.0480186821406326,-0.10318597337987978,-0.01814323905902992,-0.7946733662122302,-0.4636927194262729,-0.5520727067759259,-0.6712844743943669,-0.7404291117641384,0.6609142773897513,0.4956017332703233,0.6456855755249813,0.5309962335869725,0.5527682165188468,0.31652499405056306,-0.14266131753004493,-0.4695955479522318,0.29595832048287074,0.250815528840052
13015,2,1,1,-0.02769725727405895,-0.05221656649011633,0.03838745545871018,-0.1167328392318116,-0.06894744092755327,-0.7338083556040516,-0.7609770282438068,-0.8749228120394765,-0.7119979611116567,-0.7981434721741633,0.6135646009317104,0.44040360240288273,0.5452199753256651,0.5108562970503582,0.46644968156694744,0.36518535598757834,0.2519314771944923,0.4053750848247484,0.30800931379214813,0.32148157312496184
13017,4,2,3,0.13162224952896723,0.25839442138714463,0.09391050555600547,0.21238399077468786,0.1969626765514673,-0.20901521261667366,0.13206349635737502,-0.0654917821832678,-0.3178548242260905,-0.32182135348647106,-0.43621908047045455,-0.4016183181464742,-0.40573233338138426,-0.5612871011636344,-0.5690510871855043,0.6304443006467111,0.5417039574915365,0.5906730407298675,0.6702525005427348,0.660767425187178
13019,4,2,3,0.16019500235330214,0.11711901954901874,0.09075181745536122,0.18144243939933252,0.17516916296051593,-0.17224745080358275,0.20696939696537195,0.2619412090314793,-0.35796909804193144,-0.3584058634012085,-0.45791763748179104,-0.4047983473230478,-0.5265753738163174,-0.569725111289042,-0.5734307219124277,0.6140976339177989,0.4816472053910184,0.39619527561109324,0.7241080037874401,0.7194671365617692
13021,4,2,2,0.03778089169643547,-0.016638059944605155,0.0984880049857022,0.18328886806978603,0.198938518402489,-0.3319181569423596,0.47223666173335843,0.7283731499280189,0.8648166276055747,-0.31093472012987244,-0.43554227529343387,-0.002481739963596803,-0.03346899127010337,-0.5242966403977548,-0.542873141424242,0.6969152757255176,0.3241746396458719,0.432476874155275,0.48347702745793486,0.592641034770087
13023,4,2,3,0.07413390351591892,0.2431926669810188,0.101141309838264,0.23901821955708535,0.204212746137561,-0.2843567872776056,0.28890855779214436,0.3119451700362335,-0.2899488324806503,-0.30595117783751147,-0.42557429834733473,-0.17920434255689524,-0.14479497452570878,-0.5354260899777626,-0.5485245448512607,0.6653685201854659,0.37975389568263024,0.5177765181821694,0.6177447108214547,0.597734993477977
13025,4,3,3,0.11198858571978677,0.016194962762455706,0.08503646425755558,0.10698161172736957,0.1077121186174231,-0.2414185994448647,-0.25858695413660787,-0.4619832826385355,-0.3984289373302812,-0.39386450486531155,-0.41544220634143103,-0.5583083137779875,-0.5945045890721601,-0.5853908340370335,-0.5807014454276639,0.5606480431408261,0.6857271322541529,0.8242829651989583,0.7739185370558005,0.7466881558080402
13027,1,2,2,0.20228952606777598,0.07490518752388575,0.08978749999244645,0.08095422741828556,0.08359523390423407,0.986238162453954,0.4256507762506317,0.562851333995624,0.8239425079675251,0.8263067969111899,-0.5247896652444451,-0.42467864967680846,-0.4486486352956584,-0.5116904135861661,-0.513428745035861,0.22407401567885074,0.34188196740708743,0.2759602216813615,0.17488086286520726,0.17256570675493793
13029,4,3,3,0.06073650281309077,-0.005172125194422762,0.08500898193911177,0.09587475729432435,0.09415591042267929,-0.3077614427623607,-0.2708559748810779,-0.27128506649977613,-0.3419737325120513,-0.3608196592866362,-0.36788953744049313,-0.5065298269791576,-0.5181979291532913,-0.579487807451369,-0.5751340137333376,0.5812641104019148,0.45361941790940075,0.46587174295062744,0.6893680588679509,0.6687499396613552
13031,4,3,3,0.05582978171940783,-0.0011153185910025027,0.08743549815147875,0.13991482384184006,0.11825977596357473,-0.3127231484139281,-0.18574395650505537,-0.12826030610697547,-0.3140743348535717,-0.33392697496478957,-0.3700409432956335,-0.3902452528848192,-0.39635172473240565,-0.5696455161031245,-0.5695427949977757,0.6018686839539779,0.18445079152323485,0.022160089866425897,0.6362818079600393,0.601867837884806
13033,3,4,1,0.1018409719423783,0.04488452002336123,0.08667874665428556,-0.23800815482090837,0.16895088636091982,0.16011648574178103,-0.11021843956246885,-0.0476898960369023,-0.35788138875220876,0.17375142469530708,0.043304720431045336,0.10142035020110257,0.05568307939208047,0.49351354260337105,0.1239192964173125,-0.7579621199576697,-0.3597342329415502,-0.6056078641346352,0.048082013760026174,-0.6956723494902868
13035,2,1,1,-0.010771183633545218,0.023604609914342566,0.06962652218888352,-0.13041996778771908,-0.10293572988290212,-0.7137313443553251,-0.09031390020829852,0.05204293842302969,-0.5634910339595436,-0.6570480758987362,0.6753735978897667,0.15207340811655937,0.23897874421621526,0.4975397829184902,0.48130217463129493,0.2985448277370096,0.16569013646923192,0.2643917834102347,0.26596205406641005,0.2803239174236989
13037,1,2,2,0.13622219885019837,0.19809772762221786,0.09677807986813027,0.16021590647209233,0.161300285947092,0.9014373762918836,0.7683108281376412,0.7988111125568966,0.8515756518799251,0.8522611241252385,-0.5317225696561182,-0.4545229197748762,-0.6337337011560977,-0.6047135822624465,-0.6050510725662405,0.29354860187543175,0.32794826785952425,0.37028246391766273,0.3247663113902968,0.32366275278735457
13039,4,3,3,0.09326793935930021,-0.0061161904373730185,0.08330099613136657,0.09740210882289443,0.10014869976467891,-0.26864382228022843,-0.25191626877013756,-0.4728349372756121,-0.40760265404380464,-0.4025427136174431,-0.4162520337997263,-0.5480684548782566,-0.5794956713215175,-0.5799973474134763,-0.5767411878420313,0.5448091128835275,0.6792684457149456,0.8526505306782333,0.7858880598350562,0.7578290403566703
13043,4,3,3,0.0623639394860971,0.02626637913638226,0.08974035201867256,0.16240975558509949,0.1373046546828372,-0.3034966381993142,-0.16417307951903706,-0.11004435389901253,-0.3077876051578742,-0.32708816012448305,-0.38140918167073223,-0.37671908584596414,-0.31931536602849353,-0.5680688504495357,-0.5704740723930508,0.610362703339357,0.17450620694671415,0.03806871931470984,0.6234668385691186,0.5901869823968774
13045,2,1,1,0.0037574307287940928,-0.04533989521481295,0.04990939266603035,-0.12455442307545356,-0.11026380126508611,-0.6917554082827814,-0.5349135579928528,-0.6877357817855707,-0.6666168134512864,-0.6828021333100063,0.6321557608980972,0.3247297302311418,0.2435684736429148,0.4972697994908416,0.45150391623332997,0.34260947130890435,0.37797619917758085,0.6202980006595655,0.3019579689232775,0.3355768059288267
13047,2,1,1,-0.01015288043630485,-0.06517537768868198,0.030583478311472803,-0.11476594159264163,-0.0771542035002028,-0.7090306859227268,-0.8239650191954698,-1.0346197949618485,-0.7434033217854562,-0.8596253016089789,0.5724294475599742,0.49981854114950486,0.6239024734570351,0.5172402079423085,0.5251546517835837,0.3934871685337041,0.24058704982716442,0.3077216948545534,0.31313843051360213,0.3070895256562697
13049,4,3,3,0.12995162955601247,-0.010534618947319436,0.08484968069685933,0.11312781775608928,0.1129528398414949,-0.2181102836721953,-0.181959099028263,-0.43073445855158415,-0.4111121798498159,-0.4027606159309099,-0.4353422002913189,-0.537546634338711,-0.6048974124470162,-0.5849290874730902,-0.580592778636221,0.5556969876485521,0.6689722067128351,0.7389116955342963,0.7925888229194905,0.7651704009182467
13051,4,3,3,0.04247821289145178,-0.024388688602249485,0.08314862494968915,0.08313836937761863,0.08465979177927166,-0.3324014229339688,-0.280338086922166,-0.26174432898456146,-0.3506846547823925,-0.3680567446396734,-0.3541254337342157,-0.49021164686653196,-0.5099168738015363,-0.5741614429139669,-0.5707574406365522,0.5792484362494617,0.4308060610835308,0.4818097654415351,0.7055023657685991,0.6798446073820078
13053,1,2,2,0.09299135453713182,0.10709807729020224,0.0904954328364175,0.20446126066535886,0.22911059273601111,0.8459327191441373,0.7241247373453878,0.8359071894532302,0.8675889903478397,0.8768721983537039,-0.5143189864734362,-0.2820234171521423,-0.20737499555753697,-0.5697210370115531,-0.569961240935726,0.3275720061773136,0.5514397941040026,0.48686204779422765,0.4461144878530948,0.42188704682865447
13055,2,1,1,0.007405703359070709,-0.0734481542165882,0.03504487495278222,-0.11790775514508232,-0.09383214910345129,-0.6854695869820951,-0.7889882505738146,-0.9727517904362212,-0.7228459059337706,-0.8302425299937699,0.588255070244179,0.45159259732290247,0.5540929195068198,0.5098634016817907,0.4695274235772232,0.3790315674099034,0.2743607925532032,0.3405362908978039,0.3100854386583819,0.32522452956982956
13057,2,1,1,-0.051624592135547744,-0.01009793036487612,0.039303791825424095,-0.11388208448114209,-0.044483043688160646,-0.767049124961704,-0.7179518104166314,-0.740495457148578,-0.7103217034052296,-0.7845310136783538,0.6261336976693451,0.46660589405220826,0.6101628826265625,0.5154051853786397,0.5045138672587537,0.3549663443562453,0.1667243548255805,0.37263497016089725,0.30725229392554415,0.2990649100581647
13059,3,4,4,0.02046864579924822,0.11575538217477749,0.05255537963144654,0.21370539897529156,0.24832516355331413,0.05355229621221344,-0.3665857299959881,-0.35991280148411664,0.1419122549121794,0.20616144371446402,-0.028940727823436072,0.46954818361884876,0.5648278048540161,0.034811447256095196,0.05979912387965576,-0.6628357587299556,-0.266997158362692,-0.48074707745484485,-0.6089467753872131,-0.5964579892593611
13061,1,2,2,0.11611857375853032,0.17699734059654262,0.09495297840218556,0.16625232022351946,0.16678533737728063,0.8741572850046281,0.7871325941127435,0.8405576857184515,0.8612381290060847,0.8615352244594654,-0.5413049001542025,-0.4354692217524614,-0.5860673365083484,-0.6232209675189957,-0.6233465740754506,0.30239440964139314,0.37101867374666997,0.38262353067074995,0.3611893694205536,0.36064428296616396
13063,2,1,1,-0.020967387276238116,0.022297815420863464,0.055931351749758086,-0.12241257956237181,-0.09888942223754286,-0.7263445183846956,-0.42340263414789736,-0.5319070034912486,-0.6358237361218688,-0.6614493622765774,0.6568576203964879,0.24655260692295017,0.23709413198681378,0.499860239883941,0.45630976386659233,0.3234072355711254,0.23078022099742299,0.35728099132442437,0.2930277304051492,0.30775252274946946
13065,4,3,3,0.16055679096728898,-0.020849597051717055,0.08683173885411893,0.13969169237167064,0.13613930557085105,-0.17511040907522513,-0.020742616337111976,-0.02870037348571321,-0.4112755338575669,-0.4008495008916516,-0.4572847367171631,-0.4970915210656619,-0.6034420870093802,-0.5894167334295306,-0.583996052741451,0.5770477046938641,0.5975415547885113,0.48132027963597473,0.8005670260831164,0.7750530710018335
13067,2,1,1,-0.03361738603546743,-0.009856458862600165,0.044814631365634454,-0.11785491623566327,-0.054807093414810756,-0.7426370724950546,-0.66986050536643,-0.7438380725885271,-0.6851948876091697,-0.7242418715284332,0.6364008543514982,0.361333626730741,0.4465564587268587,0.5073285837265762,0.4301768393597814,0.345924111006599,0.25087922080792374,0.4673564412741881,0.3030794263214507,0.32981168171124076
13069,4,3,3,0.14306452368910197,0.09863965283425605,0.09026845838630439,0.1785709428453254,0.17077558270536541,-0.1955427183070649,-0.06693279424625559,-0.23231576198519752,-0.34935131381676304,-0.3505517447850216,-0.4347346780363656,-0.5128033089675571,-0.6261175301720497,-0.5841325725794682,-0.5877150909967919,0.6049958846675799,0.6330012466745629,0.5608100312409546,0.716850834020706,0.7115651703042065
13071,1,2,2,0.18963267818729204,0.17288587620419493,0.09266062328106504,0.09990808257576785,0.10279014535025473,0.971187388891477,0.5648579662257814,0.5989396612597354,0.8269578667652596,0.8294693187088147,-0.5162205086712153,-0.474449944914784,-0.4346365081947676,-0.5230621749367802,-0.5248334964926754,0.2453608437744495,0.29739905053802507,0.3435657431794167,0.19344495946932433,0.1908267529898895
13073,3,4,4,0.06560733671265274,0.09533807710653963,0.07539084998002415,0.24882076092018915,0.20648419928506756,0.11188229921295419,-0.10888055699195691,-0.13716563977571242,-0.0975441018831606,0.05576578366197804,0.02352416176637559,0.24043685925116165,0.19917109048626774,0.15629529778636014,0.12740924351864807,-0.7305236213475237,-0.4613292258171909,-0.606526153832214,-0.6068320945641474,-0.6418036576378144
13075,1,2,2,0.19741378955973649,0.11443825029198691,0.09076052320895839,0.0865642953966113,0.09019821764713082,0.9805824279756783,0.3596252710151793,0.44717596215503985,0.8196313133657482,0.822995308292368,-0.5079464753698226,-0.40154061099118077,-0.4681570684381221,-0.4924168756673771,-0.49495923447178763,0.22687473990899407,0.38606625018754404,0.3442494187385531,0.160585277950532,0.1574405074397729
13077,2,1,1,-3.5419999405616045e-05,-0.02665037955467266,0.05599764725559794,-0.1264998556459037,-0.11833271858458187,-0.6974296864422712,-0.34686074091884544,-0.5421925430632621,-0.6424558029651316,-0.6559180152153706,0.6457040506434998,0.23395297047449756,0.16825143212343308,0.4945301239641823,0.4526584699209938,0.3306285452312183,0.36944566244548754,0.5850522776256007,0.29745831606774886,0.33175096220625166
13079,1,2,2,0.0788169922312737,0.01067971823017843,0.09793028491794481,0.19215722780291095,0.24128074212005807,0.8267333155714943,0.5428043209893927,0.8446853780596715,0.8712198163638055,0.8878767687231748,-0.4805680630638971,-0.07544864932635274,-0.09407449964235459,-0.5263475986593239,-0.5228781039810491,0.313390003617923,0.45683716354981996,0.579122777085648,0.48617777059957484,0.4379756301924368
13081,1,2,2,0.1470448649370862,0.2803113731330044,0.0994993529627699,0.15995314159557916,0.17814861570512214,0.9166112109715467,0.5417296012138997,0.4684673502229034,0.8316388639667753,0.84482205314522,-0.48714100208004946,-0.38573149638796833,-0.3223761479710462,-0.5035707312674846,-0.510375882036195,0.27387429568559524,0.42318826156638817,0.5358269386874621,0.29203674155944936,0.2730340503250339
13083,2,1,1,0.022338852882214284,-0.07983769367339102,0.031036032742253278,-0.11669027213267817,-0.09175741379127902,-0.6648028458679376,-0.8269349151413037,-1.0177020522246538,-0.7381341893945873,-0.8560480176922656,0.5635922128183464,0.48425664458855966,0.5983486486134996,0.5133184071954732,0.5014471993500482,0.3931822549924687,0.27134371232418625,0.3063166890070966,0.31239644730938526,0.31539597036836536
13085,2,1,1,-0.07371067597981527,0.03140997122164523,0.03806362678264419,-0.10882652716601213,-0.0320697178568583,-0.7977830340288934,-0.6901834222910055,-0.7374037197272887,-0.7226748461371193,-0.7976247129470287,0.6294278872850435,0.5193629015030219,0.6533073521364636,0.525361481350463,0.5482961144595119,0.3492413309761427,0.07952946958268417,0.28529330777728407,0.3093279946830564,0.27907738307753105
13087,1,2,2,0.15815208094519584,0.16083710505118376,0.09220053730617299,0.10261656987745187,0.10365299686647733,0.9278865930986645,0.7492505284478387,0.7787626319230141,0.8415137618623365,0.842298917500572,-0.5594458744100872,-0.5543623437688705,-0.5171310327482428,-0.5807054601566666,-0.5811787901588576,0.2673376122571032,0.25241074526613183,0.3525179616732244,0.2675553153747122,0.26655920885875
13089,2,1,1,-0.03855759428836411,0.0564910409082854,0.05147866375417734,-0.11731851496538795,-0.0677971149085088,-0.7503625023631814,-0.5124861802768834,-0.6802333767829517,-0.652692409506258,-0.6900917843175399,0.6558502469694627,0.32132819916934213,0.4311698048955246,0.5071390080335175,0.4731069752296614,0.3257358815958644,0.10164763842614924,0.07549208575393243,0.29510356064047905,0.28819477767427926
13091,4,2,3,0.09566893499535738,0.31058450699883766,0.09770467776773868,0.23987586071206599,0.2096627022831664,-0.2562372310142753,0.15481139352117024,-0.016488915407124646,-0.2891017176334746,-0.3016508134657651,-0.4239180731830427,-0.2997292907723559,-0.21146281785674326,-0.5417035234815835,-0.5543118901344086,0.6482594786325795,0.4700780758991896,0.5661489812523866,0.6234715537585958,0.6069115223557465
13093,1,2,2,0.12671460881527197,0.27178494805341696,0.10254438251207688,0.17883254419938946,0.21086594944143444,0.8899684559778497,0.5888186804451905,0.6391232626508727,0.8447524632154748,0.86181838082162,-0.48230608479194714,-0.26447147238528684,-0.3257631552116223,-0.5151504893062641,-0.519355141851518,0.28568774225008514,0.4508550761186067,0.5534432057553658,0.3862458925382287,0.3533246463742066
13095,1,2,2,0.15730600634001915,0.22339006057799615,0.0978727150724703,0.15094548488942658,0.15326925213696407,0.9298156360600845,0.7232801941883857,0.7097188068479572,0.8398918304719528,0.8416064588799202,-0.5167010435428547,-0.4902162564922499,-0.5733121114893621,-0.5701595676760091,-0.571161899603226,0.2791839343077006,0.29231947517279316,0.33186077970853983,0.26911461314579754,0.2667920119161207
13097,2,1,1,-0.015123788994560473,-0.027123073983660366,0.048480123202580536,-0.12160923646204236,-0.09217355659901846,-0.7174537597517696,-0.6042756754458621,-0.7224374150337409,-0.6706363784325982,-0.6905023828471453,0.6379905964752104,0.33093763996306086,0.3556816227855618,0.5012773277821372,0.44336194848371613,0.3424583136547176,0.3267858214651955,0.5574792720168024,0.301392056219604,0.33046195680572815
13099,1,2,2,0.12833904706412055,0.18124440800250075,0.09396037577607508,0.13608508716017906,0.1367797516802039,0.8895360224131079,0.7805568036341525,0.8067071099500172,0.8520432449306174,0.852496077375209,-0.5497957469647609,-0.47647755213303744,-0.6174603606411351,-0.6104099666270734,-0.6106380512973028,0.291208373540158,0.31352385798256477,0.3903592461591409,0.3272067374084364,0.326508626292898
13101,4,2,3,0.16755067713135957,-0.03927294662322531,0.08627868227078554,0.14046244371788208,0.13772499059711799,-0.16660637241309545,0.06994481745183026,0.11751324553298781,-0.4176781786190391,-0.40979450112392557,-0.4741039609937184,-0.4745303962804555,-0.5623608947639775,-0.583963035279808,-0.5813489510075571,0.573537243529099,0.54212688415891,0.42563694963552334,0.8064734377572025,0.788998058388831
13103,3,3,3,0.1285977890781936,-0.023506078341127796,0.08495142949874337,0.11507679916919597,0.14318823772508432,0.19440653662428678,-0.21636501317918805,-0.15634882106917153,-0.32308716897969725,0.2566478863427079,0.06457770498649312,-0.4136852325585025,-0.44907088464977796,-0.5706038116009393,0.10915152010677084,-0.7961671260965871,0.23449140562312318,0.13781550179198174,0.6560558509999318,-0.7100782513291224
13105,3,4,4,0.011863883615277218,0.10597343515845929,0.05332053852655779,0.20378038509852564,0.24335177435648214,0.04056286043033862,-0.3475416636232916,-0.173404500693838,0.098838667636687,0.1700022399937879,-0.020128180870530466,0.3939591004193677,0.31167237555342536,0.02043893353298215,0.05973909024357359,-0.6800302435475921,-0.2904333816383808,-0.45712094909971646,-0.5767047739851031,-0.6027766202687537
13107,4,1,1,0.053855268210475225,0.05061695105634803,0.09188312954783295,-0.23616596722770122,0.15160836109501913,-0.3142174817415078,-0.13428774661024961,0.0008573753874559498,-0.352706800836765,-0.3226866841436624,-0.3875382020631643,-0.18768691863497558,-0.11014632512132938,0.48343204761747693,-0.5650670786188876,0.6241897571413125,0.013864127873644057,-0.16358305163932663,0.05965802970575987,0.5776303338510144
13109,4,3,3,0.07206738193420408,0.0239021994837856,0.08783949623689163,0.13711018813772316,0.11773877409090683,-0.2914049100478753,-0.22386778745494654,-0.2314128343806489,-0.32010090791520984,-0.33608567610854995,-0.3793938779059316,-0.4907644217828991,-0.4845670465645108,-0.5780746495672258,-0.5785603809713407,0.5956782016753777,0.3834838066296205,0.29348204504242115,0.6467315491721465,0.6169673253027845
13111,2,1,1,-0.06700090544579361,-0.01839427051544446,0.03140153554803544,-0.1093209382389556,-0.0477754557233798,-0.7875787624528733,-0.7853820714123961,-1.0704608166123721,-0.7538211648359577,-0.8433270956283903,0.5956731806864877,0.5286964535146491,0.6492389614149086,0.5285519055328054,0.5600516510161818,0.3772775146800233,0.15591581996844564,0.3358743250713667,0.31510771965940937,0.2859189465453929
13113,2,1,1,-0.010747561852167348,-0.002540786927640929,0.057233283141277576,-0.12498563202891491,-0.11278904341272296,-0.712295823573628,-0.3632001806372571,-0.5041522139139094,-0.6335689229674046,-0.6510693702953856,0.654041321547893,0.2245330485603744,0.18386324127803078,0.4964782605381635,0.4516453832923204,0.32483221464155526,0.3086492941596295,0.4760520248346915,0.2940269874600826,0.3221093566115301
13115,2,1,1,0.0013089802364883488,-0.06669368709680219,0.03790878590709953,-0.11888986109542335,-0.08919905547432895,-0.6940266381099466,-0.7577533536855504,-0.9181857036096606,-0.7118522619858927,-0.8005364240397885,0.6016581169278885,0.425944012003591,0.512343336193959,0.5074350416893899,0.44536877403233144,0.37023649382720136,0.28180827821652016,0.3925482200938719,0.3084206890760815,0.33330740927896
13117,2,1,1,-0.06640880345961798,0.055550326757118955,0.04116268629328745,-0.11034404682799194,-0.02652208415777558,-0.7880235559177273,-0.6461356900426091,-0.6509468265788997,-0.7033232996368595,-0.7691597934742684,0.639550916012143,0.5050394195521498,0.6178540585266022,0.5207782027530246,0.5322099738054046,0.34098949599157,0.05005259689297196,0.14300576734805398,0.30538244623119715,0.27990340992344626
13119,3,4,4,-0.0032931261321091977,0.08540815941762668,0.044498447836118116,0.1926886854516578,0.24657226847060343,0.021074394055429137,-0.47766528876091113,-0.331923384003747,0.14206487500690101,0.1894935606853447,-0.04399510210817994,0.4749809667354583,0.4702467405883265,0.012359742097286769,0.052691819246112576,-0.6530210593052449,-0.15920626422674847,-0.3385734434774056,-0.5792793210210095,-0.6007554032503275
13121,2,1,1,-0.02782972566877892,0.008129119298234127,0.0499397214007849,-0.1198676932452559,-0.0798994612826647,-0.7351851287860685,-0.5707000106190853,-0.7045663610950985,-0.6628341173078304,-0.6833201278619077,0.6471124847700329,0.3066830669384059,0.3220314680641313,0.5035190406010605,0.4415569513231245,0.3349030181902838,0.2480598077337926,0.4229918144258639,0.2988408480411564,0.3197829344852817
13123,2,1,1,-0.06093799505610082,-0.02358337061304246,0.032827695270409074,-0.11099567902544992,-0.04944230866968584,-0.7793288455775309,-0.7843464512273488,-1.0584241256865172,-0.7413542487152706,-0.8330598209010995,0.6034136191331387,0.5205217883916449,0.6446357943887535,0.5237607410594256,0.5469041931524993,0.37236725904272,0.1689045311216344,0.3416372446813648,0.31282761978375784,0.28960246996451144
13125,3,4,4,0.0813691091679256,0.07932914853430666,0.0862763784911301,0.2675771146725744,0.23321540584220612,0.13358665389983784,-0.09632122528623306,-0.052060294499587205,-0.0504177143868797,0.14287138605794591,0.018401232187484285,0.22190871662861889,0.245810000765388,0.1496345297969923,0.12601208681181414,-0.7275167795762982,-0.33895230944729243,-0.497470076145045,-0.6459568453243559,-0.6089353426780728
13127,4,3,3,0.0762730356413122,0.0015081085701419972,0.08342133036501168,0.09184727571163767,0.09549562710220004,-0.2902930246758735,-0.2677420315606024,-0.4460891393262625,-0.3953891346680789,-0.3943816626866813,-0.3962910429610639,-0.5455895232637752,-0.5637455988277452,-0.5794762997123144,-0.5761331871288835,0.5533143407496295,0.6454983846375348,0.8247045973029536,0.7685743923839212,0.7405290722009688
13129,2,1,1,-0.02958901122088533,-0.056806985246492185,0.034833373299889045,-0.11522361777822669,-0.06928442509890595,-0.7360929788309002,-0.7956355681022019,-0.9675872453701658,-0.7272011516971553,-0.8287394779742014,0.6000241575235259,0.48121550039981237,0.6041835468435717,0.5147163159230437,0.5044295830877551,0.3755942065082092,0.23666955789448496,0.341159143209952,0.31048230275948074,0.3088185203446255
13131,1,2,2,0.17910982104215833,0.14256983477612012,0.09205420559112142,0.096116074586758,0.09759757073379857,0.9560952632095107,0.6905231730457432,0.7398475404380287,0.8358413911190512,0.8370324802386764,-0.5476060246521097,-0.553057514785772,-0.45743433720410376,-0.5599857925833894,-0.560757223250136,0.2546474669932227,0.25471062575196096,0.30456582527915915,0.23555899024973048,0.2341706769697922
13133,3,4,4,0.04744801561790708,0.11344276906705854,0.06741115464804781,0.26719015413405667,0.24707611571646765,0.08926779378477771,-0.2005545490942547,-0.11937209827988489,0.07915352467543096,0.2021590082839906,-0.0082577147743406,0.34831685365393217,0.5264001969629991,0.09238924733727316,0.07235606277495785,-0.6885032556755171,-0.30218426322997566,-0.4577954916547471,-0.6572299673153599,-0.5939794898452891
13135,2,1,1,-0.05856048602171838,0.09853239155918249,0.04606879638391023,-0.11149744979954616,-0.02490218562072861,-0.7777173792942454,-0.5689405523915514,-0.6668763985757377,-0.677755200614538,-0.7310520713437649,0.6514603342396257,0.47484207236620746,0.5957323407741166,0.5170875431021755,0.5147908264250549,0.32958460093425823,-0.02236684573442445,-0.16087692348672858,0.29963851226510785,0.2742376188481417
13137,2,1,1,-0.09912780918699135,0.07023970609766331,0.03872707347783637,-0.09387462143136276,-0.02021299332357724,-0.8339270706566091,-0.6013034559628195,-0.5863883697948021,-0.7541683394951233,-0.8083530498359358,0.6371067329205496,0.5261951071002784,0.566702763948431,0.5565065636225865,0.5863728864869737,0.3321888232876613,-0.02917130586018374,-0.04422062861644002,0.31766467037684976,0.2602272066456198
13139,2,1,1,-0.08287893394296743,0.09231084434880016,0.04162144895733784,-0.10317647479913819,-0.01888180371379685,-0.8112355670382478,-0.6021331872496984,-0.5515297845499483,-0.714124064972301,-0.7817481596631004,0.6442805534281154,0.541227187711619,0.6204687930012172,0.5343357619442289,0.5648387344763801,0.33235101802930944,-0.03814760455516884,-0.13524978435118734,0.30744029951328866,0.2643004866560673
13141,3,4,4,0.07396388969150208,0.07843366433914928,0.08333027336621193,0.2702793934007994,0.24436186119708353,0.1244991642416204,-0.07071516208956047,0.022415626571002243,-0.005424802095631481,0.19831766821842578,0.005039435209707751,0.24709771589435092,0.4070857358412885,0.13467285890741482,0.09167395996994221,-0.7087049910523836,-0.2704186395666226,-0.3598183241891818,-0.6572251131653515,-0.5901210734627799
13143,2,1,1,0.004929578671287338,-0.05332007411058812,0.04462223182595153,-0.12228706644929915,-0.0985065687990965,-0.6897050603576207,-0.6588197037514038,-0.77789147856999,-0.6861527859016779,-0.7186156942814519,0.6202429867100382,0.3660626464886362,0.40828725094527435,0.5009600959660706,0.44690560257952067,0.3535223738085319,0.3318633086475923,0.5836637495571694,0.30484102006550295,0.3361707590200801
13145,2,2,1,0.029470509257298466,0.029212187049897902,0.0728569919675781,-0.14016509019700865,-0.14641735899452474,-0.6587014319025847,0.3132569021835693,0.3714464552127353,-0.5882439182683987,-0.6250429952918777,0.6469288014859366,-0.06104659030267651,-0.026207848393389622,0.4820494588688281,0.4571140472860652,0.3099158012699201,0.4806707363048882,0.587049119852689,0.292335563606982,0.3380580145825397
13147,3,4,4,8.423058305346657e-07,0.09137748593158874,0.04743669787828745,0.19500905563295,0.24427467038581574,0.024795653781928505,-0.42167315330301636,-0.21618404438531638,0.11831744410741454,0.1745328619246686,-0.03355662840498391,0.4335911127076284,0.3738954588143156,0.012617654537914247,0.05432225100076277,-0.6672052055881097,-0.22976900554127616,-0.398736721221586,-0.5704310411166854,-0.6026934068016797
13149,2,1,1,0.011993405002706067,-0.020700567851735362,0.05499549996623472,-0.12790889670525,-0.12372553900639308,-0.6810379159514022,-0.3158085983284742,-0.5045184836131764,-0.6491203381532618,-0.6620777626909615,0.6361162283314891,0.23273131278636233,0.14279594739585555,0.4929330471259137,0.45525913543695495,0.3339566972715312,0.3826903557215285,0.5982647921640721,0.3000364543515003,0.3371650579493099
13151,2,1,1,-0.018256362852828632,0.03955473973592276,0.06140666204623618,-0.12425776576480572,-0.10049779115757011,-0.7232260780417179,-0.28654075736748413,-0.3355118563684232,-0.6073136027112982,-0.6591819422199862,0.6658953733822626,0.2058190707998406,0.2342005270740677,0.49869781624564363,0.4710131131719674,0.3121131939719514,0.17848633077765869,0.27767949120676116,0.2844879441881614,0.2914408381409218
13153,1,2,2,0.10791270594712107,0.23355453117897856,0.10362008185841909,0.1775031038817583,0.22079961754357535,0.8647364246295866,0.5146083071771675,0.6361875783436912,0.8492974664629924,0.8697307447569012,-0.47240350744040416,-0.1669725100138645,-0.21559557648902378,-0.5181929627450547,-0.5193926651492062,0.28735246355352334,0.43063763680131034,0.5986277456407137,0.4275320106053078,0.38405144326061436
13155,4,2,3,0.14060166189328033,0.23628050188682587,0.093462019332195,0.20538590756505637,0.19279454691831227,-0.19709365805900989,0.20565335198085904,0.037277743794362765,-0.3276748065151386,-0.33029335985682695,-0.4438296732759249,-0.38862992818996145,-0.4341712319756388,-0.5616738689874539,-0.5684605385270755,0.6297215778198071,0.5097121211399671,0.5507794307165167,0.6832648092829312,0.6751830001751489
13157,2,4,4,-0.07982612087135361,0.10687139003299413,0.04658901999038509,0.2003870821916581,-0.0089056354818388,-0.8078735551873998,-0.4747138384939003,-0.4553174066974411,0.15894485924062907,-0.7588282322291193,0.6599109810110126,0.5011549398920843,0.5926232414685249,0.025858222924304175,0.5734650493729686,0.31519820388599096,-0.15107782833070274,-0.425280369568861,-0.5989386502912805,0.24802126587392814
13159,3,4,1,0.06959640404666845,0.06468222251394043,0.07006164127420698,-0.13604520214886054,0.24965723187516126,0.12064375424971054,-0.10961750020107895,0.05259507158692826,-0.5470014958357534,0.24428544494289187,-0.02002552566578801,0.24012186369648494,0.41666323241001424,0.5048573449215483,0.07086201740549093,-0.6723464664688223,-0.05567673285025288,0.004091556371716293,0.23486287895434305,-0.5846582916920642
13161,4,3,3,0.11594947073229789,0.1720544362709795,0.09086126978009909,0.20024745034487235,0.18092123556776257,-0.23160040819317143,-0.19567944118942068,-0.2953690047525942,-0.30873290035364664,-0.31653564495447234,-0.4136847954076649,-0.5703786098853454,-0.5590660482960593,-0.5898721193009984,-0.5952418323146315,0.6075333130406746,0.630136636517421,0.5582576736044456,0.6552019158470446,0.6456256039610092
13163,3,4,4,0.09666598346031595,0.07607765855967769,0.0901860933986982,0.2708733080810135,0.2116597259238729,0.1537873204165475,-0.10546091865685085,0.008685596379806843,-0.06215063606262128,0.17302876646424975,0.026316445743304873,0.1762788470631994,0.13869440780522388,0.15681318115493484,0.12675161406079893,-0.740653069767093,-0.3103607540721953,-0.5285236231039508,-0.6476429582107874,-0.6315588581466005
13165,3,1,1,0.11853640204964397,0.014250826236185836,0.08935980568827948,-0.24115881789880295,0.1683351048889024,0.1822226148923256,-0.12499593909557509,0.0012044235130520276,-0.3460475758998729,0.22179091628500563,0.04472400932057971,-0.1011174339213551,-0.08133023765640628,0.48755855888913696,0.1146760553857949,-0.767952264311086,-0.14259511253327778,-0.4822962143097904,0.046069778713083064,-0.6797670256349093
13167,3,1,1,0.12929068998911558,0.09915424716139506,0.09539151063701304,-0.2239863191525668,0.20314849330626958,0.19776459923533352,-0.07902641731958082,0.08337156025364843,-0.3773221269265217,0.2504204545099581,0.021946322247686095,-0.027778850436385283,0.014751905762564022,0.4845320981178485,0.10989208909542932,-0.7479880892716514,-0.0004454718179946887,-0.07184501092806055,0.08276496870806481,-0.6099084402100238
13169,3,1,1,0.097580170973468,-0.004100325517704111,0.09070333919314902,-0.16803612778533067,0.24723115309238278,0.1578395298992616,0.23349068159122902,0.5469436534584959,-0.48440168747003154,0.26003875700908785,-0.010498357738329354,0.10098749649245636,0.21018217027789016,0.4925810957474289,0.08353148978439935,-0.6911994169725492,0.09502115024862451,0.25119423017351783,0.18448444209567294,-0.5739685114539356
13171,2,1,1,0.005864591421263521,-0.04426155718376254,0.07431994292268577,-0.13739768693393484,-0.12211633309062972,-0.6909868511580742,0.12486728864315415,0.25574230924597285,-0.556000011587849,-0.6390018021482243,0.6719077559215074,0.059670228104953704,0.05961840471158058,0.4892984690110775,0.4692006005121614,0.29893604296720827,0.3703637790976155,0.43655147283365625,0.2703474730422438,0.29823451637388726
13173,4,2,3,0.16734785142412717,0.03173946843585195,0.08875304501140038,0.16235308479034122,0.15953889558883405,-0.16418877752007155,0.13915534189756204,0.21892592262225447,-0.38316743901523664,-0.38393271177331056,-0.46445973975862803,-0.4419526949147195,-0.5582901383306875,-0.5774762213220351,-0.5796816920854335,0.5980542694266758,0.5091002701867069,0.391522347951291,0.7588221155534423,0.7585769979813554
13175,4,3,3,0.07077405597603907,0.20413336899396564,0.09712216720101516,0.22762044901854467,0.1911877276697187,-0.2900896481973125,0.020963760946597108,-0.05608361218867893,-0.2903373067244394,-0.3091576488991803,-0.41033840078941525,-0.19887702955970277,-0.040516469247328574,-0.5437719565851121,-0.5557370661621145,0.6453747277627311,0.26033374041506785,0.3336855719950482,0.6050485039521356,0.5792758425393069
13177,1,2,2,0.14722105170566332,0.24211084199535654,0.10003854464174614,0.18468582853149412,0.1883778238080201,0.9170215575176749,0.7003836248222413,0.7213654102146269,0.8442552235398969,0.8468024181479709,-0.5052172812027149,-0.4312860052672826,-0.5357034773258104,-0.5601668194101186,-0.5616191003827197,0.2849934362419464,0.33954920829174595,0.3300451817029088,0.27719830454403493,0.27330409500763003
13179,4,3,3,0.06939214935859918,0.010244610753635103,0.08513957546551942,0.09648614270765206,0.0964788068551968,-0.29664688910874987,-0.2869113714931973,-0.32957812880201753,-0.3554504039678392,-0.36803978665408615,-0.3756812242254223,-0.5317473906687613,-0.5356474886424523,-0.5819045983751522,-0.577273850283717,0.5766794940874621,0.5322895903372407,0.5773349349374762,0.7092696851367888,0.686993493672012
13181,3,4,4,0.04032052595270226,0.10943787877932061,0.06546224949101984,0.21332965841144946,0.23178514188816152,0.07814415856596875,-0.18737392800661856,-0.15924653621810358,-0.0764060464087124,0.12286478281217117,0.006251136501679022,0.2981648599113992,0.23566539934170005,0.125553804053439,0.08007664234690154,-0.7104282724190707,-0.4189141968792892,-0.5361026139237006,-0.5525498845003971,-0.6114514425100008
13183,4,3,3,0.08056266634632281,0.0237132045699576,0.08524515784524331,0.09875246837406237,0.09959593684682246,-0.28215922472702054,-0.3001787180551954,-0.38435791074003667,-0.368670303183138,-0.3753423155966824,-0.38544392186741006,-0.5534188563906141,-0.553066543788238,-0.5839266343349374,-0.5790618722743637,0.5721841759834214,0.6063883421223367,0.6755753878253283,0.729126387278374,0.7050799378334016
13185,1,2,2,0.2038641403395407,0.014868449187617427,0.08819646794168051,0.07220495103991086,0.0756454608665922,0.9871335434841457,0.21364443507986508,0.3334026409114761,0.8163177805937347,0.8195658746304595,-0.512384781213779,-0.43258783953196994,-0.5203727970570334,-0.4801832485190497,-0.4827182656781544,0.20383056802342922,0.45921203578843506,0.3334145062331119,0.14472640304595685,0.14185138492203708
13187,2,1,1,-0.08248721798988926,0.03042076515498342,0.03646333032700896,-0.10634446817987421,-0.03239540629499855,-0.8098463157659682,-0.7027588468825667,-0.8291104475884489,-0.7381533379357574,-0.8132099171527483,0.6236171838558475,0.5318599134491071,0.6512488984501875,0.5317613950903344,0.562991700718944,0.35225847840803237,0.07680301139164947,0.2676249350606316,0.31247501549563217,0.2754901774534107
13189,3,4,4,0.061638390948309266,0.0975955440047801,0.07596521092874253,0.25326554950590335,0.22906644891966163,0.10687325460109354,-0.12547693361165976,-0.12720436897742543,-0.06539961082128029,0.11811272355577779,0.015876649126120298,0.2644916421436085,0.24438064954966657,0.14518938358195382,0.10519254641895948,-0.7217047724808805,-0.428892502329248,-0.5567579173172186,-0.6226773786688298,-0.6152463138194939
13191,4,3,3,0.06641396357635969,0.0074688097605460045,0.08369204890574901,0.08903888796200442,0.09271494449928912,-0.302364551555032,-0.3041556569226875,-0.4020393509082155,-0.38203225553280895,-0.3856955979350496,-0.38206096082331287,-0.5471313977527688,-0.5493808951932881,-0.5791703690968467,-0.5756447180886204,0.5622163503100049,0.6188540166842413,0.7387151401234828,0.7494378260271035,0.7221411907049721
13193,1,2,2,0.10730817714826574,0.1879394624482179,0.10532269057662172,0.19583679600999382,0.23284159706975266,0.8647091716734404,0.6679320066920953,0.9289867878366749,0.8604489431424818,0.8754437309652305,-0.48679040270167867,-0.20343198767016937,-0.2266986014921591,-0.5293191125258501,-0.5298608101385043,0.30352531861008075,0.4688774380544322,0.5269485108130898,0.44137257731215,0.40428383254792255
13195,3,4,4,0.008219962346962168,0.09958796839025728,0.04955415578511439,0.20227399047899025,0.24679786859945138,0.03650334786954663,-0.4005127217141037,-0.2637706266058432,0.13730601597002812,0.19198865971393567,-0.03139508378507867,0.4511554005378718,0.4524242412644523,0.018891200261108437,0.05707746300522759,-0.6638592371604168,-0.24850637992400607,-0.4631095146662747,-0.5912593619584539,-0.5995323789748342
13197,1,2,2,0.09781909320854616,0.1158822368862936,0.09680384997946587,0.205455586773177,0.23531160326920497,0.8525319317043307,0.7287486032889132,0.8941188416584612,0.8652358298634097,0.8764677743922501,-0.5029773296552359,-0.26034310124283216,-0.1801759382528466,-0.5557940162355138,-0.5558192744872082,0.3213312783239128,0.5501836722992737,0.4872951904556415,0.44798930296332085,0.4185682009726245
13199,2,1,1,0.013255917325577241,-0.02823979726979454,0.06601631244017042,-0.1331032089141633,-0.13559046280927903,-0.6800753663257281,0.005183226918985425,-0.08748558391557469,-0.6055751883910283,-0.6324181509386883,0.6535517828646412,0.09248506851259675,0.06532204552603829,0.4879255839105747,0.45559859711437206,0.31655365390092866,0.4285561108500676,0.601524375622638,0.29164184095593987,0.33171153093340777
13201,1,2,2,0.14143679570652137,0.18163805592207466,0.09357694616425653,0.1218575257348998,0.12272593050619413,0.9066207280111797,0.7786766404858442,0.7909079469552617,0.8469413860221984,0.8475512032043486,-0.5520865817962926,-0.5133458176607171,-0.5771149204956331,-0.5976751690152113,-0.5980102676129971,0.282301605538887,0.27561129656150885,0.3836634300593462,0.30054135418330574,0.2996832563540822
13205,1,2,2,0.17307277788098946,0.1869136674299992,0.09433285893253052,0.11259156736991162,0.11434145184559254,0.9494301660004958,0.7235060154017019,0.7312236099795627,0.8366331921610228,0.8380141255298688,-0.532614517871447,-0.5489028945438015,-0.4976297222832901,-0.5626128377987955,-0.5634831226717631,0.26481695769036234,0.24706616717605034,0.3400540910748854,0.24429214949734945,0.24262302732778465
13207,1,1,2,0.049344728832284135,-0.04125762116191135,0.08156674540962772,0.1885839725317371,0.24547023386197778,0.7871376636303258,0.22555016262908437,0.48549454841774076,0.8781259013635343,0.8954574953964123,-0.4786316663930598,0.061407963465425985,0.10606921853744256,-0.5254516557874627,-0.5187922172714774,0.322494041348125,0.28637600115140005,0.36337389813681265,0.5119074560695055,0.4568997845390014
13209,4,3,3,0.0902077672398632,0.17184847270152415,0.0922713529626517,0.20429045243550487,0.17640109353622452,-0.2655211093200766,-0.12843360290562528,-0.23527624590336377,-0.2976529698846935,-0.31138184295842963,-0.4021660078732854,-0.4823074350607096,-0.3449177803406379,-0.5685824282518909,-0.5768378593497023,0.6176844421704304,0.442781987999447,0.38256493141970216,0.614953910903775,0.5904820195365883
13211,2,4,1,-0.04026129498827168,0.09954956363316739,0.06439475414774619,-0.13333658016269503,-0.06709101961514362,-0.754801315920537,-0.1960950435324395,-0.20649664044359736,-0.5556885343211591,-0.6931885275458627,0.6847287619835492,0.3738313155525607,0.6411899013874013,0.5165827473790473,0.5205787398992309,0.2879950004149735,-0.2381508670172566,-0.3376681741579463,0.22604123901220902,0.24672211328903812
13213,2,1,1,-0.04290494180471572,-0.04510672743716237,0.031604573680773046,-0.1127144446167642,-0.060383891120372374,-0.7541783445450407,-0.8095257408437515,-1.0525550991019796,-0.7434662298236331,-0.8457138350287448,0.5900017296273011,0.5135847526997153,0.6370538815522413,0.5209194980784311,0.5389317791010885,0.38316577997780105,0.20532597418770618,0.32150415924887493,0.31314836755914915,0.2969606236562942
13215,1,2,2,0.0833197928694457,0.0536879794694861,0.08254286558518473,0.20544029989620127,0.23521494928887177,0.833432982383153,0.5795355423824384,0.6667231421483495,0.8707735511629028,0.8811648177589397,-0.5127314709928286,-0.19527964640990708,-0.11730287859399183,-0.5651881988634504,-0.564457977161585,0.3354684357146941,0.5440660249564121,0.5534968993009225,0.4630482284625058,0.4340015223409369
13217,2,4,1,-0.03767345149574019,0.10138294921718262,0.05908121658791606,-0.11630924988325056,-0.07320483633986016,-0.7502576822733174,-0.3146598026847224,-0.42319359609431273,-0.6044275413950033,-0.6854860548332178,0.6723900059836555,0.34906384628933945,0.5190603235878322,0.5115981408837419,0.500384061905877,0.3051039683278188,-0.08798096752576845,-0.1710317244577835,0.2765056975775074,0.2631296974590599
13219,3,4,4,0.027835590718737348,0.11871568928126168,0.055220281284080505,0.22191800089788727,0.24861673175760673,0.0635594094347544,-0.32773268337415123,-0.36643960902432643,0.13731322191966072,0.21029670113384502,-0.02555858646313332,0.4533206408984244,0.6141209595349042,0.045022482037452405,0.06185904834227082,-0.6658976548562193,-0.2730671771946135,-0.4786006220170492,-0.6180807271414777,-0.5951301423746931
13221,3,4,4,0.024810935190154596,0.11564647937641138,0.05782863050251592,0.22623895537431607,0.24582128815660798,0.058476570411654834,-0.29486821156513815,-0.19853962814241657,0.1070681695793162,0.18696892697332584,-0.015613258101067333,0.38812939499218513,0.4028988525385844,0.036920744177852016,0.06433407307610109,-0.6811072534919574,-0.3113467506940337,-0.47934957218310437,-0.6122049293621452,-0.5990307682728213
13223,2,1,1,-0.0168835489071369,-0.04509360692820777,0.04328335879392889,-0.11961020376880181,-0.07735475291994214,-0.7193819458644404,-0.6999994986561539,-0.7756085082086758,-0.691504092371718,-0.7364891748181128,0.6253986790312711,0.38109779327118304,0.4576768244607158,0.5050331569877005,0.43311301924304213,0.3542923008912284,0.29967903265208623,0.5361963137805807,0.3049010654997636,0.3343618344251793
13225,1,2,2,0.0912771805408418,0.11069491363518852,0.1050447336335944,0.18601243490681713,0.23327885814717547,0.8429929791524086,0.5825163658942634,0.8530248622820645,0.862469132113477,0.8808386942659763,-0.4761410312135229,-0.10301784644717019,-0.14749855617333094,-0.5226429155465618,-0.5209435872145546,0.3015966028596514,0.4282792617119189,0.6035826112850593,0.4654412076646401,0.41852844232791203
13227,2,1,1,-0.05627499832641961,-0.016573070445196347,0.03670033695354172,-0.11265685659314476,-0.04687068365764126,-0.7732356955750276,-0.7461552796152267,-0.8582664090997845,-0.7226470784107647,-0.8069013765339612,0.6181449786378136,0.4932111957163708,0.6360021338656097,0.5186592634754286,0.5248885594477979,0.36133061701430763,0.16332956396698226,0.35457860999541724,0.309471305261465,0.29382287633050713
13229,4,3,3,0.123282912786796,0.038103224645353206,0.08673414729768947,0.12202917343578079,0.1192101668584541,-0.22463014685712449,-0.2275621529396175,-0.4306883731658882,-0.38647499955540343,-0.3831306379196669,-0.41728043354186933,-0.559372548856,-0.6252525709856123,-0.5923746742560112,-0.5855618905511816,0.5753683907561753,0.6735631317554936,0.7551973988849483,0.7588964371092447,0.7341260000809794
13231,2,1,1,0.0069503279911560184,-0.01914647481900946,0.06926974869199345,-0.13366340236425972,-0.13331536741104438,-0.6890009943000639,0.02692384426814811,0.0020082344321088325,-0.5848870110285411,-0.62917491564038,0.6636400992695455,0.08823095834134742,0.059209204821391206,0.48881130727012767,0.4577629460814132,0.30857080734116654,0.3764033736407908,0.5270777262027783,0.28365500568201635,0.3184283927750388
13233,2,1,1,-8.782366947961946e-05,-0.06361039274251581,0.04124360500235412,-0.1203200360646012,-0.08765172477479738,-0.6962255165423443,-0.7262691330822167,-0.8372816998948094,-0.6989771883015448,-0.7555604770825377,0.6131340044101267,0.40092642213214247,0.46534204886161556,0.5044211737879314,0.4385691903056402,0.3613002110162905,0.3108212660489612,0.5031582455041956,0.3065262944675838,0.33607159399985553
13235,1,2,2,0.12828171111375242,0.3176375612493287,0.09998251773423172,0.1608867720570345,0.1983745165406931,0.8912470247618001,0.3462940447539097,0.2503119176974057,0.8346325176919505,0.8570931133747507,-0.4692824692650925,-0.2714780987845881,-0.24766067536839506,-0.5066460305646674,-0.5120140345091203,0.2694272698365405,0.48741628448778257,0.6055082385482604,0.36596615797377496,0.3280619297986437
13237,3,4,1,0.06807928420720911,0.07095757409704462,0.07590542711374329,-0.16200993299963623,0.24825021934054295,0.11756322229693311,-0.04896493218176825,0.14456336588897217,-0.5004086684317899,0.22557539440156738,-0.008043395955490392,0.26998737872451806,0.5417633182554592,0.5048393557700097,0.0771797064289563,-0.6893703722863814,-0.19761822593491762,-0.2333049957275061,0.1812152432143807,-0.5866328781066834
13239,1,2,2,0.10274082695993628,0.16231364024235914,0.09468951252195434,0.18875146497513337,0.19565380104487545,0.8571399473254082,0.7844389346521035,0.8754559787272757,0.8649841494360617,0.8682069098952272,-0.5344269314650579,-0.389934382306663,-0.4613670235226269,-0.6028571348740976,-0.6037446445002859,0.31388913321934564,0.4374849887277725,0.3886312387858672,0.39900791939836755,0.3920940935239688
13241,2,1,1,-0.10301675669731955,0.05872639753057074,0.035942166359931554,-0.0918644082603942,-0.02322592272208559,-0.8392319913603957,-0.6286907686314943,-0.6480899505445066,-0.7789438505925674,-0.8221227821620342,0.6276690421018924,0.5271291561377148,0.5690781084685875,0.5647861487930755,0.591650412492429,0.3374912896146489,-0.0010044817687735515,0.0414403047897856,0.3235401741258161,0.26174039048862763
13243,1,2,2,0.11930915322104209,0.1913937333727003,0.09748554092212967,0.19010921256698798,0.19515492127116182,0.8795900599347811,0.7841589469805768,0.8593795036007323,0.8595218703356325,0.8620940178498175,-0.5265610480313929,-0.40667941855527323,-0.579991766789091,-0.5987198416559674,-0.5996228948331153,0.3062579386446522,0.3970782622271857,0.36412229365297355,0.37224072715280077,0.3671298936650587
13245,3,4,4,0.08316493895505943,0.09062482699793059,0.08263017957454352,0.26023299008080397,0.18895874903546267,0.1353170038819187,-0.08773764263124449,-0.09777351486280766,-0.09418269299538333,0.09805049720220793,0.03311433928717374,0.2132706519988304,0.145286140506484,0.16201512746516455,0.13969793008061776,-0.743144046911951,-0.4754987570862909,-0.6359767889242736,-0.6244443990718437,-0.6803288858055365
13247,2,4,1,-0.04077347715973857,0.09672550492153183,0.05454356224355984,-0.11597254144310581,-0.06834066462271324,-0.7539341844251959,-0.43127669195971546,-0.5775725204904409,-0.6335941035738955,-0.6894971885865517,0.6641818028256451,0.3525026595694945,0.5093967245652696,0.5094958790178237,0.49185508517299237,0.3157179872375337,-0.012919797291767482,-0.1470754840991103,0.2885575855825791,0.2718098207017548
13249,1,2,2,0.11164998438979376,0.18806232328941253,0.10387732911104006,0.20352736924866138,0.2311906389900141,0.8706481762653601,0.7342250919192178,0.9828558354183021,0.8591119502370619,0.8706588148682207,-0.4982100408560044,-0.2769326096498806,-0.2809877173394235,-0.5479731664039262,-0.5492121577815537,0.3090580649545393,0.48234580822317424,0.37249934909891685,0.4253349132157136,0.39769623816440564
13251,3,1,1,0.1187315191964728,-0.008283907163891205,0.08660721904662755,-0.24929504809792358,0.14987664029982842,0.18228714832601667,-0.12222887352313673,-0.040966595866766785,-0.3299829900616982,0.2201740282235944,0.05694753747496621,-0.18687002518328621,-0.18965452762592003,0.48784357436345194,0.11491875061958141,-0.7764552438495192,-0.11409649696932356,-0.44826003264609104,0.029886906307962348,-0.7125976048120445
13253,1,2,2,0.13615554925570608,0.16723316604004781,0.09151190516154262,0.107207594960325,0.10793761889545976,0.8979537376055415,0.775459555957115,0.8029006468933826,0.8463323282090225,0.8468570508615901,-0.5696164353773114,-0.5290154375059776,-0.5518825745267754,-0.5963419764430677,-0.5966387149096642,0.2759355255731498,0.2651104664600905,0.3844110167085149,0.29431751317444244,0.29360376057519144
13255,2,1,1,-0.007034094781445365,0.006397109933660325,0.06472500375664135,-0.12836397135049885,-0.11537571079130253,-0.7079463402274253,-0.1644440451005826,-0.2085682457953979,-0.5973257285704241,-0.6454518097372044,0.6652514669230258,0.1505535029020302,0.15065631320032255,0.4940491768315475,0.4638967320133194,0.3108144486890799,0.28191891397228547,0.39573920783460914,0.28393330905167957,0.30330822522447387
13257,2,4,4,-0.09844723182761564,0.07870926290028596,0.042008789051308365,0.1895986901159644,-0.012655695436470167,-0.8338220737146623,-0.516248164957196,-0.391081884010987,0.14504170316360926,-0.7953805455263234,0.651374249965789,0.48942544465682325,0.49396823112821664,0.010666201646250345,0.5938657353597103,0.3157842563735996,-0.11613365482294351,-0.26033753846376995,-0.5759981557059151,0.25052068044159087
13259,1,2,2,0.10219174859975715,0.1477571120219608,0.09666692364691412,0.20088234875516603,0.21759510956373534,0.85758923386579,0.7541647639302352,0.9078960649922989,0.8645695354923457,0.8715565574564459,-0.5202599631461888,-0.3341915097098039,-0.3349292509274363,-0.580265721514741,-0.5813203523558272,0.31977503175367994,0.49109606439463477,0.4084963359342959,0.42202046296117135,0.40543864718923167
13261,1,2,2,0.12626309773511343,0.23386948847991668,0.10344042982047791,0.1999753818276686,0.22065276786804325,0.8897607133940274,0.7227830666392497,0.8794588443481568,0.8516478306482457,0.8617732280135098,-0.49857233005831664,-0.3285302775084096,-0.4579264077459104,-0.5448325758531749,-0.5475730153694978,0.2985538959720551,0.41689992439600465,0.3215606528739778,0.38412578449883117,0.363063101997046
13263,1,2,2,0.07559253537017648,0.001787809926833325,0.08179045797180376,0.20467473760617363,0.24480935020953892,0.823320075693289,0.46009439491654264,0.587974114561517,0.872081712119629,0.8852007900930075,-0.498525848336974,-0.10390534878090799,-0.04314842473280053,-0.5480230663970717,-0.5455236776772294,0.33375703023327913,0.5235867894831958,0.5944170788378806,0.4806570351678019,0.44167649060825975
13265,3,4,4,0.05398042599657405,0.10905082119866101,0.07292450044452645,0.2576478854066183,0.24261463833774352,0.09727986057494055,-0.16282070214671626,-0.10234295052058634,-0.006864750734131453,0.17444435294051233,0.0034396607566715186,0.2993928017299896,0.3588255916355186,0.1216918604290892,0.08295136025427885,-0.705099203070231,-0.35190736693682306,-0.49040158036157355,-0.6391777799776504,-0.5988492733815908
13267,4,3,3,0.08378854325044265,0.058967591075178794,0.08877262175411915,0.14942937618440194,0.1296078396852955,-0.27552808406400975,-0.2236167550948005,-0.277612607809399,-0.31877926480579266,-0.33210723644235657,-0.38848251606280476,-0.5264960448260713,-0.507950755450488,-0.5829863431470986,-0.5850300750666587,0.5977450567402486,0.46561027799928945,0.3749022188851803,0.6441116432583612,0.6175811859307463
13269,1,2,2,0.0878865129677107,0.059091322913997865,0.0954427123749819,0.2014086592724757,0.24225342489461718,0.8392608094525065,0.641469614749862,0.8758765188169683,0.8679801635291098,0.8822898529866926,-0.4903226222907946,-0.16507705932580155,-0.10612677367600587,-0.5386919953641474,-0.5369264653310707,0.3190364786979185,0.5318268188753759,0.5855407877554509,0.47015396548939753,0.43006985389540275
13271,4,3,3,0.12055830193690618,0.26137721268232406,0.0934501808483583,0.21824877397775144,0.19939493225475802,-0.22417187996980928,-0.01575938892275513,-0.19767324563797053,-0.3063845012371682,-0.3121692258113296,-0.4248911514995249,-0.46146483169638686,-0.4314979936590091,-0.5649280552887973,-0.573632644715446,0.6252232017108685,0.5821016175939985,0.5899484440364431,0.6540614581390609,0.6424385048435678
13273,1,2,2,0.13415877894295566,0.22111746482753739,0.10037512680919225,0.1947354844336371,0.20007594666432138,0.899739379823426,0.7678743348166306,0.8373150651428458,0.8519659234862738,0.8549762635195381,-0.5144164408337878,-0.4208135966543031,-0.6088359795236176,-0.5811376308160005,-0.582425899496634,0.2971088938914506,0.35603442628014403,0.30861434998555914,0.338103396383423,0.3326143821106017
13275,1,2,2,0.19349600216354712,0.11593233058040568,0.09106204036107558,0.08895390339495393,0.09094836489257585,0.9751022970199147,0.5869096339292464,0.6715971111843713,0.8302641182065538,0.8319564278839715,-0.5365397177064697,-0.4958512703171123,-0.43940890370078023,-0.53782752335774,-0.5389963558512122,0.24053167413058257,0.28170978941155445,0.2725499074155494,0.20538524753648152,0.20357067020455677
13277,1,2,2,0.18089758781494772,0.24302626743692354,0.0936404361654885,0.10729187159613016,0.11259820021722777,0.9600710441495929,0.43202860492822154,0.3432634523917987,0.8186265667552464,0.8236290832850952,-0.49462213545921874,-0.40524117875841664,-0.40958098600189086,-0.48353454574907884,-0.4872857147062365,0.24403011258379098,0.3793597322084501,0.46244179112666983,0.16772767483343898,0.16296275960207984
13279,4,3,3,0.086009502272468,0.10429058635500467,0.09059231723588546,0.17800282088983543,0.15366441470312206,-0.2717916383422276,-0.1792261093337573,-0.2451988820533795,-0.3072560630121643,-0.3212329944177802,-0.39474394299840665,-0.5092179292290093,-0.42793162701297915,-0.5763786730782274,-0.581279133890246,0.6084243917017662,0.43404723323343536,0.3412345545650149,0.6256270776485445,0.598985549636047
13281,2,1,1,-0.09700079038403309,0.034798156160225274,0.03431079629267133,-0.09975981980438141,-0.03057127954934661,-0.8301115251247179,-0.6968524035026372,-0.8522087424463474,-0.7727264500463453,-0.8318088022244279,0.6142737737591567,0.5392829577297241,0.6040392883708599,0.5496073799910992,0.5841129925822977,0.3536532694802045,0.06091343396207006,0.23945372104923934,0.32018421133678476,0.26940278559042846
13283,4,3,3,0.07135147133509241,0.12999455342030988,0.09356312121221189,0.20242181263706843,0.17066943794105413,-0.2903783022345857,-0.0983826226773071,-0.11474398596581736,-0.2969912175050542,-0.31558262320715674,-0.3983473513421203,-0.298694061920873,-0.14176499144720603,-0.5590188454328526,-0.5668636333537521,0.6273869750674688,0.2265324764993748,0.1848643481816831,0.608026440838061,0.5785669438009469
13285,2,1,1,0.017478760552283888,0.004763008007649904,0.061443333557694026,-0.13179001941787655,-0.13386245905707678,-0.6741200264854106,-0.07793333810078908,-0.18250827929869168,-0.6270358851800315,-0.644420659632487,0.6416070354880916,0.1197800161300454,0.08162654131698693,0.48874983989389315,0.45646408466103083,0.32432204761959205,0.39994649460467313,0.5801992232076765,0.2972559086139507,0.3376671477428182
13287,1,2,2,0.1639296483757845,0.29877387082847423,0.09652189796375844,0.1277116746672341,0.13498510218039106,0.9384156509526682,0.4937265175379384,0.30444291724441,0.822879177786229,0.8297641100933141,-0.48910987756904856,-0.41849667541580565,-0.31954224678104365,-0.4840902508914183,-0.48912094220129054,0.25948166188062566,0.3978671536773219,0.5534018994119723,0.19479152298089175,0.1875737800499556
13289,4,2,3,0.04933686996158795,0.08031153328726211,0.10294785800641879,0.23571745629923713,0.19780944023319713,-0.31712760913719995,0.3703713056885893,0.6322580343327281,-0.29138120876702983,-0.31029297669092915,-0.42734269608789477,-0.02821346641138909,-0.07664148473537719,-0.5328819001071091,-0.5458452783248395,0.6807151367943042,0.27337484607301343,0.4251165621309613,0.6136091297191388,0.5901914815686259
13291,2,1,1,-0.08819261337828178,0.021289312860428868,0.034240104928856194,-0.10443445791678244,-0.034619749183087224,-0.8175658565509799,-0.7225314413802906,-0.921055608865427,-0.7570954382103049,-0.8294695230312382,0.613114282458748,0.5365908671962221,0.642866625517519,0.5381551926525794,0.5734832113382433,0.3590117897102311,0.08788768098546952,0.2946262965706763,0.31632040419169416,0.27463078985992945
13293,2,2,1,0.023701195991732173,-0.05062928097965125,0.08077127860247447,-0.1456574174690439,-0.14147704781892756,-0.6668625806713733,0.37078210598824585,0.5217584807161824,-0.5432151037325609,-0.6212717673999882,0.6678230447746838,-0.039175811748471095,-0.01269515138085469,0.48245965995667317,0.4611675823984031,0.2966814348549041,0.5026864405900459,0.5783545348335231,0.27253755592800094,0.3160773511562689
13295,2,1,1,0.0008549325460105696,-0.07290750662159684,0.032321492740404606,-0.11623380999562825,-0.08571774646503372,-0.6941494166212516,-0.8166526104604788,-1.0076454362818037,-0.7346867942279188,-0.8497835973193203,0.5776898841209741,0.48162583983268514,0.6003771535661696,0.5137462859269095,0.5023348713122319,0.3880241368273622,0.2601726304233788,0.31583949888303986,0.3118133584370012,0.31418813745995144
13297,2,4,1,-0.054103643158194964,0.12840211689656167,0.053497050265066085,-0.10872398419359902,-0.04992414522627869,-0.7726424174060613,-0.3832428385332944,-0.5562194182936697,-0.6335046645241046,-0.7081842345248561,0.6686745529386103,0.4504039755067372,0.685271937549601,0.5217171018483392,0.5208810253141914,0.30924296810049806,-0.1643412496937181,-0.39171582720714515,0.2846273806100219,0.2539277372676011
13299,4,3,3,0.1423580968251881,-0.00035240836315476864,0.08623465198097222,0.12556960598862887,0.12317397270974495,-0.19990182674773288,-0.15330855462320178,-0.35077716902533634,-0.4052847868133072,-0.3966407850553355,-0.4378992416879933,-0.5347561255656066,-0.6282020716031903,-0.5896549772213243,-0.5840051523213484,0.5695950653672776,0.6623241936533593,0.644794589835918,0.7873951616470938,0.7607869639804907
13301,3,4,4,0.06988865193443336,0.08865622697620962,0.08101556531106399,0.26321795931122216,0.23632986805770212,0.1182786306953933,-0.113171418009764,-0.08491179606437499,-0.043776939919590335,0.15035029267278793,0.013835862811157711,0.2602733072387995,0.2882179097142554,0.143337465968254,0.1055069416072804,-0.7199728945743176,-0.3775115384675087,-0.5027570417376095,-0.6413884847905729,-0.6046311255647046
13303,3,1,1,0.10952103793515472,0.07028938355579761,0.09628230292357441,-0.21353837549153915,0.2250634389654102,0.17169833838185308,-0.04558576229679388,0.11421819209942577,-0.4002389252211179,0.221071221665476,0.016887159499651333,0.09580898677124158,0.1608742841892549,0.48938283692180984,0.11746928424000758,-0.7332171342791417,-0.11611418396616405,-0.23403932281308903,0.09808557487909692,-0.5924993896474227
13305,4,3,3,0.09871278118300594,0.026006570741204483,0.08551782690257433,0.1049871303979381,0.1054574942750806,-0.2582292074270232,-0.2594392838766225,-0.4400616073051084,-0.38239381556805074,-0.38294494527971445,-0.4003231579911052,-0.5535814073039292,-0.5781098575757032,-0.5864436903277271,-0.5811893481174951,0.5686387336115402,0.6425802525002436,0.7776291954735948,0.7500727884429952,0.7245644923117888
13307,1,2,2,0.11826086003750871,0.20459759072675976,0.1008160971975584,0.2018400897551487,0.21699083210685516,0.8790439901228023,0.7698567725110282,0.9172970121355353,0.8577568140281309,0.8647593291404823,-0.5120388616535813,-0.357884121727424,-0.42786674562864124,-0.5712622788184024,-0.572957434905407,0.30858424686723573,0.4321650474792768,0.3443488788342566,0.39569906166601315,0.38047691222634117
13309,4,3,3,0.09767903465728103,0.24679381457582625,0.09385056132372509,0.22973841463247044,0.2004124802746569,-0.25487701975108723,-0.047683127204599655,-0.23546313896440635,-0.288091756802473,-0.3004832217432704,-0.4113184016778144,-0.438851031451112,-0.30027425573434835,-0.5567123670838644,-0.5684164287892446,0.6264527156455566,0.4786772310279693,0.47983040170788493,0.6132337815905707,0.5936294906617259
13311,2,1,1,-0.09381040390790216,0.054370056026958546,0.03723595300196116,-0.10081664184985274,-0.02614497273577924,-0.8259664931424406,-0.65902552818293,-0.7317382885802379,-0.749041180825544,-0.8137274771554895,0.6285473767154253,0.537463948840091,0.6071476034522053,0.5434127966459485,0.5774535829363832,0.3436875819067372,0.028499737066432523,0.14812886970007888,0.3152897724714571,0.26740980846241835
13313,2,1,1,-0.025186089516311617,-0.055994734456082926,0.03133476681976605,-0.11410366190537678,-0.07006583424162638,-0.7297226263071976,-0.8116119502570956,-1.0350420758652192,-0.7419743938011063,-0.8521066815934597,0.581855828891704,0.4997440264315172,0.62928346889563,0.5182515760353409,0.5286469768592131,0.3883881424066581,0.22348585053987213,0.312524821441054,0.31289808826457105,0.3034850246426627
13315,4,2,3,0.11912414718269568,0.3220248069875955,0.09710590604074393,0.22561474321238145,0.20540979522286973,-0.22462357619435053,0.3079475560193933,0.11722906907406211,-0.30726525040978736,-0.31368070387940944,-0.43958488950358054,-0.36163291660507346,-0.22117084771681977,-0.5491921879580994,-0.558902765692396,0.6493804360639509,0.49461515540929113,0.6195454445936028,0.6541850853120788,0.6429081714286542
13317,3,4,4,0.03370988716317607,0.12326869054934124,0.0633954108251517,0.2221622438278704,0.2412300207822747,0.0697681747332821,-0.2332035602028317,-0.15091788468893302,0.019144910938626775,0.16144855321917584,-0.0031236679779527723,0.3393137821354827,0.30589058121560364,0.07689171000912157,0.07179012296043037,-0.6978267037444154,-0.37126151953128583,-0.5093952599769954,-0.5917380334118121,-0.6032286638761365
13319,3,1,1,0.11754719718548721,0.04226703842457453,0.10024352276115844,-0.19937996909126432,0.23690657692321865,0.18349365929859776,0.19022977050261447,0.3358086450957548,-0.4249978189432158,0.26315914823880254,0.0039978401430966065,0.03040829175293497,0.14036210577484984,0.4869924256855945,0.11086755139672125,-0.7182858668535683,0.10119132066548907,0.16033186164802324,0.12871208816745522,-0.5565944812972723
13321,1,2,2,0.17474519914983386,0.24615154042834383,0.0953623427795055,0.12431749963269195,0.12800706812660906,0.9525074352071667,0.6246835503901246,0.5567585762621218,0.8284417261619186,0.8316018734179096,-0.5059619765646719,-0.4841135185071542,-0.4189834682870634,-0.5261821912225737,-0.5283404295160796,0.259633612720849,0.2930352235892652,0.44362220586019935,0.20817258557751334,0.204679860489826
