index,AreaKey,mean_neighbor_distance,max_neighbor_distance,queen_degree
0,13001,0.43190241649865646,0.7330837732631391,6
1,13003,0.25689903863095054,0.45016581207813905,5
2,13005,0.30337106775692124,0.42845679489720784,5
3,13007,0.2656814743857688,0.4438784357542735,6
4,13009,0.3684307987875005,0.4750810774906817,5
5,13011,0.1783892664280894,0.3542250117101319,6
6,13013,0.24340849902731432,0.41215820146482923,6
7,13015,0.13232747268564826,0.18963616321448815,7
8,13017,0.32815269006456566,0.5762086044307225,5
9,13019,0.27306917892292176,0.39678340766651354,7
10,13021,0.6932172382914975,1.7522709692092606,6
11,13023,1.0621323648845016,2.06792601030243,6
12,13025,0.2321990861273757,0.3327856826444524,6
13,13027,0.21790932965861065,0.30180696468476975,4
14,13029,0.4867934664800783,0.94938574806936,5
15,13031,0.7859012330504829,1.3721155886201888,7
16,13033,0.9205355868969255,1.2605773682983086,5
17,13035,0.2796935804886127,0.48564123935138065,6
18,13037,0.3530122437871777,0.5001847445606793,6
19,13039,0.23374303266473162,0.2944284503506252,3
20,13043,0.7030539461616858,0.9441719955196948,5
21,13045,0.20524224108610065,0.30745066514035885,6
22,13047,0.04892665242983898,0.051107379258316904,2
23,13049,0.22123847362391869,0.2944284503506252,3
24,13051,0.43094997343759184,0.6999858373688201,2
25,13053,0.5959215604293171,1.2349298687847468,4
26,13055,0.044965716185812965,0.045788422868718634,2
27,13057,0.15757049569360862,0.25173129947522077,7
28,13059,0.21739351641017116,0.338154676746246,5
29,13061,0.3527822112984924,0.4738275721056602,4
30,13063,0.24145147194545435,0.42422481343906726,5
31,13065,0.21981471024256297,0.30918208356948734,4
32,13067,0.14792713942278252,0.18963616321448815,5
33,13069,0.4229564703410377,0.5762086044307225,8
34,13071,0.22440874090531504,0.30180696468476975,6
35,13073,0.22749226257535674,0.3518422662748542,3
36,13075,0.2169615574648503,0.3216903366994757,5
37,13077,0.314505070130048,0.5752337568694238,7
38,13079,0.5446569253508791,1.1576867496643193,6
39,13081,0.5839259756890723,0.9183207411844239,6
40,13083,0.05972153098756752,0.05972153098756752,1
41,13085,0.14879305381866822,0.21578925528507606,7
42,13087,0.21981927741026577,0.2956563887858581,5
43,13089,0.21824130728323446,0.40283881110316805,5
44,13091,0.7263569426589527,1.209815977819443,6
45,13093,0.7519882936974338,1.123161458177044,6
46,13095,0.38359051286471796,0.6736991347913232,6
47,13097,0.14690944484413046,0.177264144094605,4
48,13099,0.3268929480983072,0.42848771616687703,5
49,13101,0.20800383998259545,0.27871386527096637,3
50,13103,0.7405535993744867,1.245815660953487,4
51,13105,0.3426556515889492,0.5344923821576962,5
52,13107,1.1375214442538888,1.9590370973767104,11
53,13109,0.5182397103779568,0.7532165096372996,5
54,13111,0.14540548036214748,0.20228056430184477,5
55,13113,0.2383485455345786,0.41444224097222143,4
56,13115,0.09296576831410762,0.1462362700920753,5
57,13117,0.16066798760251694,0.2272752135300256,5
58,13119,0.1641912241807407,0.20253593366084005,4
59,13121,0.22816117582493986,0.30745066514035885,10
60,13123,0.1070585648007866,0.2014590460942528,5
61,13125,0.22411722238943263,0.363657723956729,4
62,13127,0.23309244228154732,0.2872798564318554,4
63,13129,0.1174335240600464,0.19529886663188464,8
64,13131,0.20456784657150862,0.24216688376192538,3
65,13133,0.41110027072100186,0.689452388070678,6
66,13135,0.22301065150653449,0.35036566861712004,8
67,13137,0.14106878181966276,0.22985282548626285,6
68,13139,0.17320608702101867,0.26477950109724785,9
69,13141,0.3140947855375356,0.689452388070678,7
70,13143,0.11636551572677149,0.15228871942599323,3
71,13145,0.5598816143258212,0.7070680300036747,4
72,13147,0.18435217221480907,0.2747294427155089,3
73,13149,0.22573358114980133,0.31425201622031196,3
74,13151,0.2923488005405299,0.40283881110316805,6
75,13153,0.9424755511433254,1.7522709692092606,7
76,13155,0.3002356461724997,0.5246712507482444,5
77,13157,0.24117620114877858,0.37926775293069837,7
78,13159,0.31388324661186046,0.4594334270860709,6
79,13161,0.517915283309673,0.7433524927097156,7
80,13163,0.6847267492279053,1.9590370973767104,8
81,13165,0.7784184832037658,1.3721155886201888,4
82,13167,1.1505283215166118,1.451655661827291,6
83,13169,0.4205111618279299,0.7557988362110684,7
84,13171,0.24910046034031014,0.33470768144967544,5
85,13173,0.20022044347065387,0.30918208356948734,5
86,13175,1.1087436525622212,2.173743610223381,8
87,13177,0.4964564801237564,0.7401854089692187,5
88,13179,0.3689019934396267,0.5527212940714438,5
89,13181,0.38097796376426074,0.5344923821576962,4
90,13183,0.313266372363036,0.5646453686729866,4
91,13185,0.23613641926129514,0.3216903366994757,5
92,13187,0.12338428355552297,0.2140715413532966,5
93,13189,0.36408762683956475,0.6110034178670567,6
94,13191,0.2570885204566388,0.3471269425450152,4
95,13193,0.737664147783924,1.1576867496643193,7
96,13195,0.22718688377524718,0.3542250117101319,7
97,13197,0.7016029025239596,0.9734474754306849,7
98,13199,0.41775601318055117,0.6383742864706996,7
99,13201,0.20940982670651184,0.30604605028537724,4
100,13205,0.2587455670089195,0.3578568671341717,7
101,13207,0.3388414859139453,0.6136095426225603,7
102,13209,0.7276127189815222,1.4766305446680013,5
103,13211,0.3506005190875036,0.4908440784263329,6
104,13213,0.08970321445846811,0.12219888143332583,4
105,13215,0.6137225822228262,0.8258245890466451,3
106,13217,0.3181367635952023,0.48564123935138065,6
107,13219,0.3297977807342819,0.5092783457144845,7
108,13221,0.3463526521048274,0.7266504606703674,7
109,13223,0.13642007515587906,0.17042158829873374,6
110,13225,0.6115439794750074,0.8948960759944901,5
111,13227,0.11579930982889612,0.17113046018809044,5
112,13229,0.2531105801490318,0.3004588520685585,5
113,13231,0.24203238772426944,0.2984746278320165,4
114,13233,0.09645701508244289,0.13388869433496314,4
115,13235,0.7335030874135317,1.2085534973592869,5
116,13237,0.3613234485362087,0.4908440784263329,6
117,13239,0.3876107426611049,0.4738275721056602,3
118,13241,0.10827919052604018,0.17163482838341562,2
119,13243,0.37415207760911834,0.6125820883451731,6
120,13245,0.32971546518875394,0.5482076878398177,4
121,13247,0.2276186137919496,0.2898952207718184,5
122,13249,0.6117057360105895,1.0920184278160185,4
123,13251,0.9690592953692816,1.245815660953487,4
124,13253,0.2448460984892762,0.42848771616687703,3
125,13255,0.3329283968348065,0.5752337568694238,8
126,13257,0.1447074852089116,0.22985282548626285,3
127,13259,0.4959746622228166,0.6867558009094787,5
128,13261,0.6440686731363365,0.9335422810163291,8
129,13263,0.6244256660093643,1.2349298687847468,7
130,13265,0.4665894864080564,0.7266504606703674,5
131,13267,0.6995684310800723,1.738578873818641,8
132,13269,0.5572516105950821,1.0920184278160185,7
133,13271,0.5092442559792961,0.721650650973547,6
134,13273,0.43258888928221695,0.6736991347913232,6
135,13275,0.21455818594666137,0.3578568671341717,4
136,13277,0.2539799537214663,0.39678340766651354,6
137,13279,0.7436838594802718,1.512708864497996,7
138,13281,0.132764064071946,0.20694072049314804,4
139,13283,0.9064009754864335,1.451655661827291,6
140,13285,0.40485963459964025,0.7070680300036747,4
141,13287,0.32780319731888125,0.5085164055280645,6
142,13289,1.0643094392321466,1.6956929426910137,6
143,13291,0.11140420965167178,0.18109693692721884,4
144,13293,0.36483012353870553,0.5375814880857414,7
145,13295,0.0763820666997001,0.13359746245436824,6
146,13297,0.27729886315764307,0.4856624557594748,6
147,13299,0.3304677694207596,0.5567931678528962,7
148,13301,0.352323685803644,0.902698471807656,6
149,13303,0.45713559786041896,1.1977085667530414,6
150,13305,0.3465720549623303,0.7440027439414242,7
151,13307,0.4674093414190579,0.8685341189683332,5
152,13309,0.7388839055046877,1.3440598250501312,6
153,13311,0.11788445302623365,0.14799850769569856,5
154,13313,0.06630709839629344,0.09602073608409295,4
155,13315,0.5422685412419296,1.123161458177044,7
156,13317,0.47353900099777385,0.902698471807656,6
157,13319,0.9877522758539271,2.173743610223381,7
158,13321,0.37849392600811393,0.7370790906073893,7
