AreaKey,ID,X,Y,Intercept,PctFB,PctBlack,PctRural
13001,133,941396.6,3521764.0,-0.19724851266597587,0.2945563703880169,-0.04527794061596229,-0.3312434874416379
13003,158,895553.0,3471916.0,-0.25339380937471156,0.2280226838218059,-0.026660170446639073,-0.3253123213265224
13005,146,930946.4,3502787.0,-0.21977661102577475,0.2795719346534039,-0.03733625049495253,-0.33029039056826265
13007,155,745398.6,3474765.0,-0.16768195074811637,0.14538119783861111,-0.02704665711873851,-0.28682396343277716
13009,79,849431.3,3665553.0,0.16535578939360956,0.6790529996000224,-0.14010957964649864,-0.2956142818208659
13011,23,819317.3,3807616.0,0.22220770558243785,0.7175453458945272,-0.0769413325310379,-0.3049109170283307
13013,33,803747.1,3769623.0,0.23895169805672728,0.7206158417462547,-0.08214949242473557,-0.30233706871662247
13015,24,699011.5,3793408.0,0.12793801643969965,0.706177867569377,-0.045423559994665144,-0.2971477510315251
13017,138,863020.8,3520432.0,-0.22263906337016093,0.28813137090550095,-0.04073719494368564,-0.31422504525605793
13019,153,859915.8,3466377.0,-0.25146477213980717,0.19213303289180045,-0.024620869373975722,-0.3183592493272114
13021,85,809736.9,3636468.0,0.10145224794488078,0.5484275547477853,-0.11731045059022763,-0.28634980972455326
13023,100,844270.1,3595691.0,-0.03374000209538991,0.3971971827590944,-0.09261651424873037,-0.2983000359017839
13025,159,979288.9,3463849.0,-0.21317327467781788,0.2615686502658101,-0.026841459284860068,-0.33920295226405484
13027,169,827822.0,3421638.0,-0.2497448207443982,0.140689817674943,-0.017779994913449677,-0.31497560421499954
13029,118,1023145.0,3554982.0,-0.1286212495140812,0.32404774586531937,-0.06792542515533345,-0.3429060013824018
13031,97,994903.4,3600493.0,-0.07817469061654657,0.3784873202655424,-0.09460406135505746,-0.33649770551683333
13033,71,971593.8,3671394.0,0.06584966380869994,0.555701070921288,-0.13324315572643985,-0.3246505952591078
13035,65,782448.2,3684504.0,0.20707898205894928,0.6704203491663642,-0.11069833530533829,-0.2929783023968311
13037,149,724741.2,3492653.0,-0.13925487752491633,0.16244907681722695,-0.03361903021899004,-0.27895404649826816
13039,165,1008480.0,3437933.0,-0.21079418955336754,0.25348635755632537,-0.02334516060910587,-0.3432794133025369
13043,102,964264.9,3598842.0,-0.08198620066949446,0.3807989623248203,-0.09565123817490602,-0.330855355685871
13045,46,678778.6,3713250.0,0.10998249709090824,0.6526877690622616,-0.049298361377051084,-0.29015634919352784
13047,5,670055.9,3862318.0,0.10799436878563363,0.708125490281933,-0.03572870815984349,-0.29912279690549703
13049,170,962612.3,3432769.0,-0.23738737573106058,0.231054425436301,-0.021105523733666576,-0.33763228796546607
13051,119,1059706.0,3556747.0,-0.11814023787901518,0.3280054236118791,-0.06907714376900656,-0.34746826927790875
13053,103,704959.2,3577608.0,-0.01925375267474267,0.3324077279086628,-0.061228087559413086,-0.27084316235112
13055,17,653026.6,3813760.0,0.09696029833148448,0.6982343735913943,-0.033968500270172584,-0.29599660955377166
13057,25,734240.9,3794110.0,0.15691696362274643,0.7080354589817727,-0.05429841367387194,-0.2992725996232001
13059,38,832508.6,3762905.0,0.26861217915389923,0.719822507601397,-0.09649388248437642,-0.3039017035604565
13061,144,695793.9,3495219.0,-0.122985152522569,0.17385131077858706,-0.03623659896860759,-0.27283427572068564
13063,54,745538.8,3711726.0,0.19667060234295253,0.6880183221554687,-0.07682650448363137,-0.29363211619677554
13065,164,908046.1,3428340.0,-0.2559108418111387,0.19378869105268642,-0.01757978577436966,-0.32964926120705834
13067,36,724646.8,3757187.0,0.15847990791712716,0.7035299818893165,-0.05702121849355859,-0.2962458903943285
13069,143,894463.9,3492465.0,-0.253097155024276,0.2565720287633889,-0.033130057565723736,-0.32382086645970765
13071,161,808691.8,3455994.0,-0.22737577880001766,0.15176449107835627,-0.02311227556456318,-0.3072140119613185
13073,52,942527.9,3722100.0,0.17450951474832613,0.6745531559490926,-0.14406405920119944,-0.3149927980339024
13075,160,839816.1,3449007.0,-0.24670506160853775,0.16230785416695223,-0.022253256460765206,-0.315331198908339
13077,62,705457.9,3694344.0,0.1328643262166458,0.6414727773409589,-0.06261443075452822,-0.28952732706929973
13079,89,783416.5,3623343.0,0.06633050602763281,0.4850987727714826,-0.10085179650428255,-0.2815542257185432
13081,128,805648.4,3537103.0,-0.1296061747653405,0.2414933742265814,-0.04606919531681346,-0.29485623546779194
13083,9,635964.3,3854592.0,0.09117406800204307,0.7018548855989524,-0.030028068094944994,-0.2972394641916207
13085,16,764386.1,3812502.0,0.17632528880951934,0.7186844285305126,-0.05978372797734157,-0.30206047019124693
13087,166,732628.4,3421800.0,-0.20013453925784133,0.11913679443360665,-0.01882295694186394,-0.29254825795561323
13089,41,759231.9,3735253.0,0.2160626330102167,0.705274189854481,-0.07494461840462036,-0.2968016482177502
13091,109,860451.4,3569933.0,-0.11529979530136839,0.36612463841921156,-0.07034650046089173,-0.30752443434765264
13093,116,800031.3,3564188.0,-0.0690806775798714,0.28707014130906355,-0.060978114711504536,-0.2880713343661716
13095,148,764116.9,3494367.0,-0.15958690221337096,0.16264945510693443,-0.03218653689402419,-0.28861552613985564
13097,47,707288.7,3731361.0,0.14375198017146992,0.683411411452488,-0.05570023713603174,-0.29318182911888413
13099,152,703495.1,3467152.0,-0.15237079603172476,0.14408775415059213,-0.028727031913356058,-0.2792130718044153
13101,173,896654.0,3401148.0,-0.2590518569756778,0.16802665640961234,-0.013801630407656015,-0.3288968235084183
13103,99,1031899.0,3596117.0,-0.0791107545107082,0.36872875934585053,-0.08974823359402531,-0.34258148970373853
13105,28,879541.2,3785425.0,0.2572435038437393,0.7098161983272174,-0.10497748670940024,-0.30817309165613915
13107,90,943066.2,3616602.0,-0.042802782786472725,0.43620621063227805,-0.11021027308726371,-0.32456245187817306
13109,117,981727.8,3571315.0,-0.12246897415589247,0.3375649340244417,-0.07654176524025623,-0.3358925348726833
13111,4,739255.8,3866604.0,0.14412124811084692,0.7170435846057489,-0.04768072079588633,-0.3027393147369598
13113,58,731468.7,3700612.0,0.17149822917716975,0.6676287839570001,-0.07299817152008367,-0.29159030992344875
13115,18,662257.4,3789664.0,0.10233084355030665,0.6934548467178736,-0.036985469995855155,-0.29505733370716536
13117,26,765397.3,3789005.0,0.18906881936832168,0.7188278826833949,-0.06409024102164651,-0.3010962230436265
13119,20,845701.3,3813323.0,0.2364223525579036,0.7132928433619644,-0.08364672204941953,-0.306730086888302
13121,31,733728.4,3733248.0,0.1787722496368846,0.6978616359441466,-0.06517800990874742,-0.29490077956626964
13123,10,732702.3,3844809.0,0.14436790133427144,0.7137212418769241,-0.048073977006698874,-0.30173448864942737
13125,69,908386.8,3685752.0,0.15429786288012978,0.6747050592288352,-0.14565417314228365,-0.3085541628557541
13127,156,1023411.0,3471063.0,-0.19021813488135253,0.2756973234934718,-0.03604576051727352,-0.3446133886949695
13129,15,695325.1,3822135.0,0.12291396980173232,0.7083131971276712,-0.04262089223429891,-0.29852866151785923
13131,167,765058.1,3421817.0,-0.21936768109154617,0.12295293049584557,-0.01864930972203968,-0.30019644467275686
13133,49,855577.3,3722330.0,0.25028804505509217,0.7181813835021847,-0.1278614471767497,-0.3030526254939886
13135,32,772634.6,3764306.0,0.21542932417692354,0.7188410487705438,-0.07204700460104164,-0.30006656489638056
13137,11,818917.1,3839931.0,0.20158832301068802,0.7159230767397994,-0.06969693389736067,-0.30591680695562506
13139,21,794419.5,3803344.0,0.2035244686105696,0.7175258840226569,-0.07003255659974741,-0.30330003955010965
13141,64,873518.8,3689861.0,0.1934759390531524,0.6995877133859871,-0.1424104831731239,-0.30193231712449753
13143,44,665933.8,3740622.0,0.10361045559953026,0.6716766503061024,-0.042470680160910115,-0.2918795015965071
13145,88,695500.6,3624790.0,0.05072683583636225,0.47752153867668456,-0.06926295837812654,-0.2800724621325641
13147,22,870749.9,3810303.0,0.2469750304899032,0.7093748721742744,-0.09283931756924549,-0.3082518979698981
13149,66,675280.4,3685569.0,0.09654573581535432,0.6113374461568372,-0.05239907550658112,-0.2872741774447417
13151,55,763488.4,3699716.0,0.2095361566789283,0.683706306498652,-0.09125118979224793,-0.29353722440751123
13153,95,814118.9,3590553.0,-0.022021117444796068,0.3490040785354702,-0.08305144099344482,-0.28854690907695674
13155,145,855461.8,3506293.0,-0.22984564911895564,0.24766026146650827,-0.03512266106251022,-0.31374204493465435
13157,27,815753.1,3783949.0,0.23718985772226472,0.7196559676822296,-0.08193712669205108,-0.3037739706274127
13159,61,807249.1,3695092.0,0.23730121465892762,0.7068124100027449,-0.11800440695356657,-0.29639380975620755
13161,131,915741.9,3530869.0,-0.2075625136537187,0.3019391133525112,-0.048360228282763935,-0.3256689162820377
13163,70,924108.1,3668080.0,0.10306823886646625,0.6199542912583424,-0.1398745389955494,-0.31348652529403287
13165,84,970465.7,3640263.0,0.0009379105186495106,0.4721134121143504,-0.12101702474425609,-0.32826751564649276
13167,91,908636.7,3624562.0,-0.0012714809158975004,0.4995470933452308,-0.12066144592653229,-0.31453203485725745
13169,80,821367.1,3660143.0,0.16925456808422754,0.6478402639356873,-0.1311809302414319,-0.2916521697953441
13171,77,766461.7,3663959.0,0.15500132101501438,0.6109565258573636,-0.10681311091244924,-0.2888619199934165
13173,163,873804.3,3439981.0,-0.2603800261344545,0.17861113360112912,-0.019297365351127176,-0.3230111866088496
13175,93,884830.4,3599291.0,-0.05836960400407632,0.43587277854285306,-0.09926191547984993,-0.31093942510098416
13177,136,770455.5,3520161.0,-0.13077503900490825,0.1898699168224235,-0.04010746008718724,-0.28592509867494953
13179,127,1014742.0,3537225.0,-0.14742746241461324,0.3115771839503431,-0.059459207800782676,-0.34227287143071006
13181,40,919396.5,3752562.0,0.22418624091532077,0.6996673379490618,-0.13320463544498512,-0.3114910191024789
13183,129,1004544.0,3517834.0,-0.16784860164580023,0.29772829895918984,-0.049317837117504836,-0.34138805562463825
13185,172,864781.1,3419313.0,-0.2594081088393392,0.1590846116638062,-0.016696611974657084,-0.32252618978432823
13187,13,772600.0,3832429.0,0.1739262092027433,0.7174702049405818,-0.05892836263362199,-0.303198528530302
13189,53,917730.9,3716368.0,0.19044641399734435,0.6901347360680619,-0.142706605805848,-0.310821270001246
13191,147,1030500.0,3500535.0,-0.1693280660744424,0.29077832733170705,-0.04397994522696362,-0.345042899684413
13193,105,777055.3,3584821.0,-0.014779298707965127,0.33258173080160314,-0.07389889913096453,-0.2770006230901287
13195,29,848638.8,3785405.0,0.2571978188297641,0.7147096253520909,-0.0938277483262086,-0.30602037378581154
13197,101,732876.8,3584393.0,-0.009087024555658272,0.3448860382978655,-0.0679053316052146,-0.2719485174774824
13199,73,715359.8,3660275.0,0.10806456719323443,0.573806308066432,-0.07616882365050694,-0.28581058133225296
13201,162,716369.8,3451034.0,-0.1708547331403236,0.13118545305409915,-0.025079815039254005,-0.28455215778164916
13205,157,766238.6,3453930.0,-0.19852811529993128,0.13592626019358725,-0.023820979377338895,-0.296009331732879
13207,78,790338.7,3660608.0,0.16352429894369716,0.6204170320321098,-0.1173541900577511,-0.28975492710954415
13209,112,920887.4,3568473.0,-0.14687676774210026,0.34633048119454973,-0.07292273044561766,-0.323913121223459
13211,45,825920.1,3717990.0,0.2655368284973668,0.7215025825930333,-0.11578574178379468,-0.3003410311708807
13213,3,707834.3,3854188.0,0.12871482311099813,0.7095573572940644,-0.0422482942121981,-0.30071029850653713
13215,98,700833.7,3598228.0,0.012649201252747894,0.39426163869395636,-0.06650710775606224,-0.27517888075402946
13217,50,793263.9,3719734.0,0.2576865082548323,0.7183754211863017,-0.09834837716367006,-0.2980294338170987
13219,42,830735.9,3750903.0,0.270643219916128,0.7214399266350295,-0.10093631883356219,-0.30311542850480727
13221,37,863291.8,3756777.0,0.2617130371990861,0.71458032424932,-0.11294037670779226,-0.3058544821928483
13223,35,695329.2,3758093.0,0.12907720030319342,0.6949743943667495,-0.047845435350886284,-0.29463425531879245
13225,94,798061.4,3609091.0,0.03005920234811703,0.4230253359065496,-0.09550930973136285,-0.28123971486222227
13227,19,733846.7,3812828.0,0.1516686148991218,0.7108497914760185,-0.05150054506131966,-0.3002802136629898
13229,151,953533.8,3482044.0,-0.2177925982354731,0.26782665830168223,-0.03072762359716484,-0.3349518291099599
13231,76,744180.8,3665561.0,0.13872134744333442,0.6005415276922185,-0.09292031135601733,-0.2878829501836795
13233,34,668031.4,3764766.0,0.10615260391112326,0.686606546611967,-0.0405731998030454,-0.2937333441551199
13235,111,833819.6,3567447.0,-0.09299552206156883,0.32797855101433665,-0.06637934475684286,-0.29930485266642803
13237,63,840169.1,3695254.0,0.23150162443928324,0.7145509055548527,-0.13512193215107562,-0.2989601087662706
13239,130,686875.4,3524124.0,-0.08905494921672422,0.21945627137676305,-0.044741150738556126,-0.26726522635181854
13241,1,824645.5,3864805.0,0.19363052402995123,0.714191308096006,-0.06678940605087172,-0.3069698505107766
13243,134,712437.1,3519627.0,-0.10284094608077374,0.20182645945681255,-0.042780266330918026,-0.2717655218713069
13245,59,954272.3,3697862.0,0.1315656080461591,0.6327003321510308,-0.14197486824082026,-0.31800668200089943
13247,48,777759.0,3729605.0,0.24900287760859305,0.7133922740224836,-0.0852282016252207,-0.29770291059530196
13249,110,752973.1,3570222.0,-0.038497946439450176,0.2981258114199977,-0.06331400278772172,-0.2723684004253921
13251,81,1004028.0,3641918.0,-0.007693736643460771,0.44792604459222346,-0.1163884818547498,-0.334904348840275
13253,171,704495.6,3422002.0,-0.18401921194360804,0.11672864914129728,-0.021371310025097304,-0.28676176690633254
13255,67,754916.2,3685029.0,0.1814979368891409,0.651899532226868,-0.09259892123645042,-0.29117003827741655
13257,14,842085.9,3827075.0,0.22550758930023576,0.7131604738040561,-0.07887827400175038,-0.30694060518240024
13259,120,703256.8,3552857.0,-0.055823975343022705,0.26799577394149715,-0.05312690102610671,-0.2663611182460407
13261,122,763457.1,3551752.0,-0.07583862587946003,0.24615896466228618,-0.05332399117605249,-0.27744651854572344
13263,87,734217.9,3623162.0,0.058230713104675876,0.4789345524091936,-0.08442124970671669,-0.28075501921335666
13265,51,884376.9,3717493.0,0.21973344020459518,0.706818564781736,-0.13646109469269319,-0.3058024972074953
13267,114,963427.8,3560039.0,-0.143202445355939,0.3263851654017215,-0.06865210220018553,-0.33325209783099813
13269,92,759410.8,3608179.0,0.03365698116890984,0.42392058063125243,-0.08461302957817363,-0.27808735597297307
13271,125,882069.4,3534470.0,-0.21045167938791076,0.3132076638074797,-0.04971541040222456,-0.31765587214566615
13273,132,743031.8,3522636.0,-0.1121294245553933,0.19645646577304188,-0.04140954356989056,-0.27716736016701804
13275,168,795506.2,3421725.0,-0.23251393778380386,0.13010399123868227,-0.018218939994403844,-0.30767545054241136
13277,150,831682.3,3487715.0,-0.2265594860921986,0.1931642900614276,-0.030992553931654527,-0.3095942706880233
13279,113,941734.4,3567586.0,-0.14147120486179132,0.33857548589126246,-0.07347354986333683,-0.32854906846896137
13281,2,797981.7,3872640.0,0.17557918180788887,0.7162703156231323,-0.059536068752518545,-0.3055801681387894
13283,107,919077.6,3595170.0,-0.09244754608510007,0.3996477813593088,-0.09501726315728351,-0.3209299518660886
13285,75,682616.8,3660254.0,0.08401767271279299,0.5632961237094668,-0.05983656182258119,-0.2846634885072606
13287,137,819399.6,3514927.0,-0.1800016130332946,0.22006392848109146,-0.03855368569606659,-0.30271136089373923
13289,86,832935.0,3623868.0,0.05537409812272251,0.5069423887702081,-0.11738272485436434,-0.29041172373476043
13291,7,777040.1,3858779.0,0.16736641987577436,0.7161847703440077,-0.056665585148117106,-0.3042180274697352
13293,83,752165.2,3639192.0,0.09388047035672926,0.5303392726424693,-0.09767976430852911,-0.2839148232264657
13295,8,658870.4,3842167.0,0.10139112560220277,0.7036466938516223,-0.0336821113733758,-0.2976911483115987
13297,43,800384.3,3742691.0,0.2645445070829439,0.721913402187218,-0.09030263461443436,-0.30051383247725266
13299,154,938349.6,3446675.0,-0.2439035335099456,0.22949458986953739,-0.024353959876290715,-0.3337736079536267
13301,56,902471.1,3699878.0,0.18270631035265303,0.6938773763468958,-0.14542576193485446,-0.3076719020063225
13303,72,894704.3,3648583.0,0.08232073831794463,0.612306062810647,-0.13661179262078596,-0.30682719478719994
13305,140,986832.8,3494323.0,-0.19304847506614578,0.2825267112295169,-0.03958699647411366,-0.33952524824818003
13307,121,731576.3,3544716.0,-0.07542648212484052,0.2357164295468362,-0.05075126755526236,-0.27112475824580246
13309,115,898776.3,3563384.0,-0.15738794198587813,0.3484759456454084,-0.06717513248430969,-0.3190351970445226
13311,12,796905.6,3841086.0,0.187346084227765,0.7174211140376121,-0.06378698901233025,-0.3047086161228106
13313,6,686891.4,3855274.0,0.11706964020157791,0.7088670473207216,-0.03901961602941469,-0.29965041599380987
13315,124,838551.5,3538547.0,-0.16249268649522386,0.28875501627116257,-0.049336304796981145,-0.30517947773006976
13317,39,891228.5,3749769.0,0.24197182563877048,0.7084529574476677,-0.1264106004712085,-0.30810967344048334
13319,82,858796.9,3637891.0,0.08000625651414121,0.597400535244549,-0.13130916235062468,-0.29702614467203653
13321,139,801018.1,3487328.0,-0.19534649289615053,0.17002613594846563,-0.029781569553927308,-0.3011740461709442
