term,model,boundary_edges,interior_edges,boundary_mean_abs_jump,boundary_median_abs_jump,interior_mean_abs_jump,interior_median_abs_jump,boundary_to_interior_mean_ratio
PctFB,gwr,71,360,0.061614445082029665,0.04415539606689711,0.029744229750422155,0.015620133008135993,2.0714755634630335
PctFB,mgwr,71,360,0.0516775517716167,0.04524049987098666,0.028439332611587567,0.016130289309318077,1.8171154885175034
PctFB,grgwr,71,360,0.42713615138690425,0.36048204979807996,0.0517172126760557,0.02398299011977459,8.259071386201406
PctBlack,gwr,71,360,0.03019215449632891,0.0200832283304571,0.018784555483330932,0.013230416625296747,1.6072860772841215
PctBlack,mgwr,71,360,0.013405422420910099,0.013066734730355495,0.009340272114064926,0.007630630456706998,1.4352282521537802
PctBlack,grgwr,71,360,0.13002610637468032,0.0819438115661607,0.02175458649613279,0.0131038613537012,5.976951407363888
PctRural,gwr,71,360,0.021944816333261025,0.016761536168705904,0.012067669763585694,0.007893588476827723,1.8184800183611016
PctRural,mgwr,71,360,0.0054196491482262936,0.004893581378534684,0.00391142987576927,0.003026094577113919,1.3855928190864981
PctRural,grgwr,71,360,0.3328154558403605,0.30380143766920564,0.055920216405565853,0.016949385700697296,5.951612444175639
