edge_id,i,j,AreaKey_i,AreaKey_j,regime_i,regime_j,boundary_edge,gwr_PctFB_abs_jump,mgwr_PctFB_abs_jump,grgwr_PctFB_abs_jump,gwr_PctBlack_abs_jump,mgwr_PctBlack_abs_jump,grgwr_PctBlack_abs_jump,gwr_PctRural_abs_jump,mgwr_PctRural_abs_jump,grgwr_PctRural_abs_jump
0,0,2,13001,13005,6,6,False,0.02280693838601172,0.014984435734613,0.0387976650803319,0.014003399171197008,0.007941690121009704,0.0589938312927637,0.0008929432071019816,0.0009530968733753031,0.1359914099019175
1,0,79,13001,13161,6,4,True,0.008447065771585494,0.0073827429644943154,0.6655754097128884,0.0099379993676093,0.0030822876668017,0.23397483939655858,0.018983361503670304,0.0055745711596001946,0.28321412788678524
2,0,112,13001,13229,6,6,False,0.037455996517960805,0.026729712086334734,0.1627624504023516,0.010146856763101099,0.014550317018797401,0.07968041150901678,0.013584501249603531,0.0037083416683220127,0.013099528676082606
3,0,131,13001,13267,6,6,False,0.05188929118952709,0.031828795013704614,0.07976095030507281,0.0467185302875525,0.0233741615842233,0.05311269184929962,0.004112493129294292,0.002008610389360177,0.09312460909076914
4,0,137,13001,13279,6,4,True,0.0715042902620042,0.0440191155032455,0.7397775503066158,0.0482237390396435,0.028195609247374603,0.26088112815439196,0.020539516628386212,0.002694418972676582,0.2841603581435857
5,0,150,13001,13305,6,6,False,0.020255299323869325,0.012029659158500017,0.0647582628045782,0.0063157337580782985,0.005690944141848599,0.01641401658888403,0.024801193927727783,0.008281760806542082,0.15025877351804973
6,1,9,13003,13019,6,2,True,0.01290082789811639,0.03588965093000551,0.11317078609056153,0.004005897255303398,0.0020393010726632993,0.1399379156558636,0.018667452489497915,0.006953071999311,0.5058225131457224
7,1,31,13003,13065,6,6,False,0.023348317028939303,0.03423399276911951,0.1345774429000417,0.0009199058317233971,0.0090803846722694,0.016615551009108914,0.013853521668341362,0.004336939880535906,0.1029960701705025
8,1,33,13003,13069,6,2,True,0.01872973216071991,0.02854934494158301,0.1927539903400316,0.001304335377754498,0.006469887119084701,0.1318488869807108,0.006368641777284523,0.0014914548668147898,0.20603231121613158
9,1,85,13003,13173,6,6,False,0.024815588849006504,0.04941155022067681,0.07320500333089969,0.002986489504533299,0.0073628050955119005,0.01764658924775539,0.004663371058740096,0.0023011347176727925,0.05082063494480332
10,1,147,13003,13299,6,6,False,0.005446949632140596,0.0014719060477313972,0.15735878801990288,0.011261126452691603,0.0023062105703482993,0.0007293480126006058,0.02599984024558938,0.008461286627104325,0.11482505905214102
11,2,33,13005,13069,6,2,True,0.020933434560853392,0.022999905890014993,0.3499837513342582,0.021699563759080095,0.0042061929292287956,0.20450469622916498,0.01998985194697822,0.006469524108555003,0.23801318611555167
12,2,79,13005,13161,6,4,True,0.031254004157597215,0.022367178699107315,0.6267777446325565,0.004065399803587708,0.011023977787811404,0.17498100810379488,0.018090418296568322,0.004621474286224891,0.14722271798486772
13,2,112,13005,13229,6,6,False,0.014649058131949083,0.011745276351721734,0.12396478532201968,0.0038565424080959088,0.006608626897787698,0.02068658021625308,0.014477444456705513,0.004661438541697316,0.1490909385780001
14,2,147,13005,13299,6,6,False,0.0451101163537139,0.050077344783866606,0.31458854901412947,0.01174277268414299,0.012982290618661796,0.0733851572610548,0.01237863007589568,0.0034832173853641124,0.1468059339515611
15,3,18,13007,13037,4,4,False,0.024796160733494693,0.017067878978615808,0.00017656737736920086,0.0358621448924277,0.006572373100251501,0.0037252357894557997,0.003553098129618404,0.007869916934509003,0.0018280745030865297
16,3,42,13007,13087,4,4,False,0.019707240548254817,0.026244403405004488,0.011261154496194796,0.01788627575503459,0.008223700176874599,0.00043133913192199697,0.010414776478498033,0.005724294522836071,0.0018719006566528806
17,3,46,13007,13095,4,4,False,0.017143243075269182,0.017268257268323317,0.009992498262303598,0.0007011968582734049,0.0051398797752856,0.0028220020849764015,0.002843131321350667,0.0017915627070784756,0.0004964296248240463
18,3,48,13007,13099,4,4,False,0.008429363633161296,0.0012934436880189804,0.0071971842199144015,0.028478339815068202,0.0016803747946174986,0.005579167045881399,0.008343459786589236,0.0076108916283618155,0.0014088136764951464
19,3,99,13007,13201,4,4,False,0.01274710999898282,0.014195744784511993,0.008379948646328801,0.0048654702649953,0.0019668420794844987,0.003594087075290797,0.0034799951044933164,0.0022718056511280005,0.0001819314846174258
20,3,100,13007,13205,4,2,True,0.010320815148224222,0.009454937645023892,0.3075445155836484,0.0242182568549242,0.0032256777413996983,0.049793201986903,0.006515027386533534,0.009185368300101915,0.5518405823102206
21,4,69,13009,13141,5,5,False,0.018183170660002634,0.02053471378596472,0.1053726337986825,0.0023062002152735017,0.0023009035266253197,0.0795412350383736,0.011147433721727495,0.006318035303631564,0.04919432552127623
22,4,83,13009,13169,5,5,False,0.04383545430230207,0.031212735664335134,0.0279580296819242,0.0004423557246842069,0.008928649405066685,0.032732879429322195,0.012861528167818187,0.0039621120255218245,0.01768370064699698
23,4,116,13009,13237,5,5,False,0.0010263616482678595,0.03549790595483027,0.0444281998345188,0.006828780633964304,0.004987647495422992,0.016141272821458205,0.02588067902399782,0.003345826945404695,0.01875780347482081
24,4,149,13009,13303,5,5,False,0.034853798377156964,0.06674693678937538,0.2131324177604145,0.029200143363437292,0.003497787025712684,0.0637799774180583,0.014577371407573314,0.011212912966333977,0.007384418088221323
25,4,157,13009,13319,5,5,False,0.05127898737935921,0.08165246435547346,0.0722062436256846,0.03125812584270071,0.008800417295873997,0.017634578486584604,0.012037847915641192,0.0014118628511705644,0.0003157634771523421
26,5,58,13011,13119,1,1,False,0.0042611260816395324,0.0042525025325628185,0.004705237608969903,0.009956855060110903,0.006705389518381608,0.008775505093790097,0.008524776554312385,0.0018191698599713257,0.007810072948093327
27,5,67,13011,13137,1,1,False,0.0032282800239539222,0.0016222691547278512,0.005290356040275945,0.009862403909023001,0.00724439863367729,0.029276482549431302,0.0032478099808430083,0.0010058899272943345,0.01181859981941108
28,5,68,13011,13139,1,1,False,0.0010911201739450815,1.9461871870296577e-05,0.006915554379707922,0.0091142836789216,0.006908775931290495,0.010874941134247404,0.00882769550937812,0.0016108774782210844,0.00949889400108439
29,5,77,13011,13157,1,1,False,0.002346852462374205,0.0021106217877023825,0.0007718265919220979,0.008156636461038494,0.0049957941610131035,0.0264527357491232,0.0012345120764339912,0.001136946400917993,0.0028781205094908224
30,5,96,13011,13195,1,1,False,0.008450757148213972,0.002835720542436304,0.0035545395180411887,0.024786357264353798,0.01688641579517071,0.0386751228832386,0.011658924628788592,0.001109456757480809,0.00947142779486082
31,5,126,13011,13257,1,1,False,0.0019152550111110056,0.004384872090471115,0.0019299972534877474,0.003318363183970191,0.001936941470712411,0.0059647384641092,0.006837908829098682,0.002029688154069509,0.0017814040024858868
32,6,28,13013,13059,1,1,False,0.003162494659635029,0.0007933341448577158,0.01198420145311585,0.022110642776528994,0.014344390059640902,0.006051615445938102,0.012826589875089611,0.0015646348438340674,0.014282210070210077
33,6,66,13013,13135,1,1,False,0.0007893853619044267,0.001774792975710926,0.012639976930490238,0.0131030007294657,0.010102487823693898,0.0047416814470434,0.009892011597305295,0.0022705038202419092,0.014230390741474697
34,6,68,13013,13139,1,1,False,0.005702142831879642,0.0030899577235977693,0.007892011761364559,0.017359541037425402,0.012116935824988101,0.0442913342559922,0.004554713760256679,0.0009629708334871756,0.008324792660871216
35,6,77,13013,13157,1,1,False,0.0022641701955603555,0.0009598740640250902,0.01557939273299458,8.862089746530799e-05,0.00021236573268450243,0.006963657372621598,0.005507493825555432,0.001436901910790267,0.02070180717144643
36,6,107,13013,13219,1,1,False,0.0037452045178761884,0.0008240848887748342,0.02876104588862438,0.030453842895596897,0.018786826408826604,0.0071564150804235005,0.01181894260591082,0.0007783597881848014,0.03656760209627308
37,6,146,13013,13297,1,1,False,0.005769464411458869,0.0012975604409632968,0.04672890812939512,0.014019028306807998,0.0081531421896988,0.004453751944051107,0.0018492952175289679,0.0018232362393698076,0.06058296851906647
38,7,27,13015,13057,1,1,False,0.004172416634701359,0.0018575914123957205,0.0394585390073503,0.008288255088162097,0.008874853679206797,0.0025267599731041996,0.008072547541370712,0.0021248485916749993,0.02138902360092998
39,7,32,13015,13067,1,1,False,0.005524620357968413,0.002647885680060469,0.009916543798030197,0.014620966468577794,0.011597658498893396,0.0408711852925761,0.004319398002274821,0.0009018606371965499,0.0233402269929803
40,7,56,13015,13115,1,1,False,0.005876118113003814,0.012723020851503342,0.02517954622816143,0.007338802677954601,0.008438089998810003,0.028514657836174802,0.006940165888217609,0.0020904173243597723,0.03122822149585569
41,7,63,13015,13129,1,1,False,0.004395559955932327,0.002135329558294208,0.016028859828289166,0.0040839272864003,0.0028026677603662023,0.0222953494748427,0.0003070348878050355,0.001380910486334097,0.0045378728100080035
42,7,109,13015,13223,1,1,False,0.010143917109897038,0.01120347320262749,0.03322623747217768,0.005178857270006297,0.002421875356221098,0.0006204403561765985,0.00251969094412291,0.002513495712732683,0.045331309250454505
43,7,111,13015,13227,1,1,False,0.006265753261051499,0.004671923906641506,0.04350591060376252,0.005174238317183395,0.0060769850666544944,0.0198731872675316,0.008221786794399832,0.0031324626314647164,0.016907112566419413
44,7,114,13015,13233,1,1,False,0.013538834884000428,0.019571320957409988,0.03902678579898855,0.002949349698718802,0.004850360191619704,0.0230281786132025,0.007006956425294586,0.0034144068764051516,0.0497651290047785
45,8,33,13017,13069,2,2,False,0.02657328389055791,0.03155934214211198,0.002569257270123193,0.0039303564203557045,0.007607137377961898,0.0252474562274554,0.03411724547945599,0.009595821203649713,0.20744327964444065
46,8,76,13017,13155,2,2,False,0.022617813937923115,0.04047110943899268,0.01231713881725377,0.001987521411169299,0.005614533881175401,0.0047034631589081,0.0026308297850966,0.0004830003214035816,0.05066858195544777
47,8,133,13017,13271,2,4,True,0.030136258019352685,0.025076292901978825,0.1491221846054644,0.005398591875721698,0.008978215458538899,0.0767223551158112,0.005343073253251285,0.0034308268896082184,0.17210003108925573
48,8,141,13017,13287,2,2,False,0.0200109344246438,0.06806744242440949,0.019891443730423286,0.011579367781699601,0.002183509247619099,0.051756062192985904,0.018579285618101016,0.011513684362318699,0.01599563502965895
49,8,155,13017,13315,2,4,True,0.02578974992290778,0.0006236453656616181,0.2413390031368507,0.013143397417598804,0.008599109853295497,0.024905752037027,0.024087457793321998,0.009045567525988174,0.11308105625687853
50,9,33,13019,13069,2,2,False,0.0316305600588363,0.06443899587158852,0.07958320424947007,0.005310232633057896,0.008509188191748,0.0080890286751528,0.012298810712213393,0.00546161713249621,0.2997902019295908
51,9,36,13019,13075,2,2,False,0.013665829226050807,0.02982517872484819,0.3184828124828492,0.002784738686415905,0.002367612913210502,0.0611213823722229,0.005862765743323783,0.0030280504188723856,1.0288462684510118
52,9,76,13019,13155,2,2,False,0.03558603001147109,0.05552722857470782,0.0698353227023395,0.0006076451984671077,0.010501791688534497,0.0218618907112107,0.019187604982146,0.004617204392557084,0.4565648996185837
53,9,85,13019,13173,2,6,True,0.011914760950890113,0.013521899290671296,0.03996578275966184,0.0010194077507700988,0.005323504022848601,0.157584504903619,0.01400408143075782,0.004651937281638208,0.4550018782009191
54,9,91,13019,13185,2,2,False,0.022127416000282507,0.0330484212279942,0.4369124790144445,0.00038215512243290617,0.0079242573993187,0.1199902914706238,0.01342898539139642,0.004166940457116797,1.2492517758886927
55,9,136,13019,13277,2,2,False,0.010613137624682911,0.0010312571696272088,0.033416381428872766,0.0008497954888053993,0.006371684557678798,0.042755427014087695,0.023877959710817187,0.00876497863918807,0.36623122435341726
56,10,38,13021,13079,3,3,False,0.07249090958501625,0.06332878197630265,0.05335188009686809,0.017942604866429013,0.0164586540859451,0.047817696701610596,0.015814931071435112,0.00479558400600999,0.0008583368743971809
57,10,75,13021,13153,3,3,False,0.20329202598667617,0.19942347621231504,0.09746614109658053,0.11297142126523091,0.0342590095967828,0.0719622822864244,0.043333754680843994,0.0021970993524034754,0.010900832092189394
58,10,83,13021,13169,3,5,True,0.08170853291029778,0.09941270918790202,0.4985045957839865,0.010800969374920505,0.013870479651204304,0.3703785531434004,0.015696055337490494,0.005302360070790879,0.007781486694679152
59,10,101,13021,13207,3,1,True,0.04415539606689711,0.07198947728432459,0.37158599607052756,0.002126208781251998,4.373946752350699e-05,0.337009665531684,0.0005543715194019083,0.0034051173849908856,0.3999499800054104
60,10,110,13021,13225,3,3,False,0.12341301152810208,0.12540221884123565,0.05061389489151791,0.0487213388066981,0.021801140858864795,0.049446927592346784,0.02629086391409774,0.005110094862330994,0.011454982872066366
61,10,142,13021,13289,3,3,False,0.01654415405173082,0.04148516597757712,9.250072059391323e-05,0.0333751411821524,7.22742641366958e-05,0.0004480494873498053,0.0052550626486870256,0.004061914010207168,0.004270161356071833
62,11,44,13023,13091,4,4,False,0.1110341479424703,0.03107254433988288,0.028670050111950784,0.0849804222823549,0.02227001378783859,0.012262361368672401,0.02815272326147089,0.009224398445868698,0.007399370175831893
63,11,75,13023,13153,4,3,True,0.019608373472631224,0.04819310422362416,0.08209005582580403,0.019801496828661603,0.009565073255285494,0.151381143589619,0.009121734633747214,0.009753126824827207,0.2971707669330881
64,11,86,13023,13175,4,4,False,0.021079481222764207,0.03867559578375862,0.15606579321042424,0.004807630235447398,0.006645401231119605,0.008056059013741002,0.01181239965334191,0.012639389199200213,0.016314125855119294
65,11,115,13023,13235,4,4,False,0.1132063669054727,0.06921863174475779,0.2326133261356145,0.0705765401773276,0.026237169491887494,0.0192022604324618,0.013803871166026105,0.0010048167646440898,0.030056713137782493
66,11,142,13023,13289,4,3,True,0.16713949846231413,0.10974520601111376,0.01546858599137041,0.09939777691174011,0.024766210605633998,0.2237914753633932,0.04720042666590418,0.007888312167023515,0.30380143766920564
67,11,157,13023,13319,4,5,True,0.2579486523472856,0.20020335248545457,0.3829642372056012,0.1118734059014281,0.038692648101894295,0.0966676693514502,0.0689752249042587,0.0012738912297474148,0.33385254984410595
68,12,19,13025,13039,6,6,False,0.010413213951799893,0.008082292709484795,0.06703263910542501,0.0010151948210746081,0.003496298675754201,0.007735839365454689,0.010785358549103508,0.004076461038482138,0.05569576220036765
69,12,23,13025,13049,6,6,False,0.023772226362795912,0.030514224829509107,0.2163519650644497,0.0117607152711756,0.005735935551193502,0.055581129925236894,0.004093780519815793,0.0015706642985887642,0.05707381922279975
70,12,62,13025,13127,6,6,False,0.014414288722488594,0.014128673227661703,0.19883021854881672,0.017477910467772105,0.009204301232413496,0.037843889484332704,0.011405203126629515,0.005410436430914711,0.07886193554181364
71,12,112,13025,13229,6,6,False,0.00831767050880311,0.006258008035872065,0.06499936581317009,0.002573164397883493,0.0038861643123047976,0.05069130357125029,0.012113539856462074,0.004251123154094871,0.11191187449994239
72,12,147,13025,13299,6,6,False,0.022143387712961704,0.03207406039627281,0.2556231295052799,0.018172479490122392,0.0024874994085693006,0.103389880616052,0.014212354237271907,0.005429344310428075,0.11419687912638138
73,12,150,13025,13305,6,6,False,0.02551836770289459,0.02095806096370678,0.1625213473937597,0.013889426123295905,0.0127455371892536,0.04540312452665052,0.0008968471783378229,0.0003222959841251982,0.025247370342024733
74,13,34,13027,13071,2,2,False,0.012263797511720381,0.011074673403413199,0.1261689606822581,0.0031793270289441067,0.005332280651113498,0.05812431461862728,0.017865004077435576,0.0077615922536810045,0.7976089317729969
75,13,36,13027,13075,2,2,False,0.012737838691137482,0.02161803649200919,0.0909211185040658,0.0002184760329791008,0.004473261547315598,0.00035822750808209985,0.0017396226282819782,0.00035559469333951155,0.05975631361590161
76,13,91,13027,13185,2,2,False,0.004276251916905782,0.01839479398886318,0.2093507850356611,0.0026210595969620998,0.0010833829387926,0.05851068159031881,0.017552128506438225,0.007550585569328694,0.28016182105358256
77,13,135,13027,13275,2,2,False,0.003340937023147708,0.010585826436260826,0.10061910085979262,0.0018745745624000054,0.0004389450809541978,0.032527160005141796,0.013020824867732872,0.007300153672588183,0.44469098865664614
78,14,15,13029,13031,4,4,False,0.09428013954501668,0.05443957440022307,0.020445434398641327,0.0447121428386142,0.026678636199724007,0.0034823219632514005,0.04095037455846978,0.006408295865568514,0.002739594388674993
79,14,24,13029,13051,4,4,False,3.718694025500735e-05,0.003957677746559807,0.020469874886134498,0.0094857280570733,0.0011517186136731083,0.006483839496995001,0.007027426365359024,0.0045622678955069,0.001942549484745093
80,14,50,13029,13103,4,4,False,0.06849122252093182,0.04468101348053116,0.004348108592476474,0.0429098841251588,0.0218228084386919,0.0024507177133443,0.023064039150163085,0.00032451167866331954,0.00030368210722728217
81,14,53,13029,13109,4,4,False,0.025471586997460827,0.013517188159122395,0.03283735015032774,0.0035193975699615004,0.008616340084922805,0.0083891975833706,0.020620321423014287,0.007013466509718513,0.0030932644851418
82,14,88,13029,13179,4,6,True,0.024249171155032,0.012470561914976197,0.9528893422392047,0.0185094058594778,0.008466217354550797,0.3271296774303057,0.005922299441768919,0.000633129951691791,0.4647514951003557
83,15,20,13031,13043,4,4,False,0.006549883386736122,0.0023116420592779185,0.028396341264669278,0.007604581674476099,0.0010471768198486026,0.0061608771388097,0.013102868388756184,0.00564234983096229,0.0023036573268387095
84,15,50,13031,13103,4,4,False,0.025788917024084868,0.009758560919691905,0.0247935429911178,0.0018022587134554,0.0048558277610321054,0.005933039676595701,0.017886335408306697,0.0060837841869051945,0.0024359122814477108
85,15,52,13031,13107,4,4,False,0.09074536684130224,0.05771889036673561,0.05171755060919192,0.021560818088163194,0.01560621173220629,0.0084593313005089,0.05246386530842029,0.01193525363866027,0.004489132977034599
86,15,53,13031,13109,4,4,False,0.06880855254755586,0.04092238624110067,0.012391915751686411,0.0411927452686527,0.018062296114801202,0.0049068756201192,0.020330053135455495,0.0006051706441499993,0.00035367009646680714
87,15,81,13031,13165,4,4,False,0.13916712764287925,0.09362609184880799,0.019945919636757625,0.057492581071870205,0.0264129633891986,0.001584232461374499,0.06247343131979188,0.008230189870340576,0.0025567193297932056
88,15,123,13031,13251,4,4,False,0.0943243901794733,0.06943872432668102,0.006212825236175723,0.053943790559477706,0.021784420499692397,0.0032111101276831,0.03797470886765231,0.0015933566765582996,0.0001724933385857108
89,16,52,13033,13107,4,4,False,0.1302099132402199,0.11949486028900996,0.03355375143851136,0.0741758095870166,0.023032882639176105,0.0088344436728793,0.04290798552807712,8.81433809347687e-05,0.0015382465854975047
90,16,80,13033,13163,4,5,True,0.08528129367770254,0.0642532203370545,0.3575369927008999,0.00894550583596082,0.006631383269109614,0.05927318607921019,0.04314036729814502,0.011164069965074963,0.27502799065506156
91,16,81,13033,13165,4,4,False,0.0817881524386429,0.08358765880693758,0.001782120466077064,0.03824404660330959,0.012226130982183794,0.0019593448337448995,0.032898419516705524,0.0036169203873849254,0.0003941670617438886
92,16,120,13033,13245,4,5,True,0.07107829806084565,0.07699926122974288,0.28265545201279096,0.019180755908411895,0.008731712514380402,0.145812758560708,0.02399724063421277,0.0066439132582084,0.19618904561776743
93,16,123,13033,13251,4,4,False,0.12663088990204885,0.10777502632906455,0.024376624406856284,0.041792837115702086,0.01685467387169,0.0028359977553126994,0.0573971419688451,0.010253753581167202,0.0027783930529513834
94,17,74,13035,13151,1,1,False,0.004674711714960034,0.013285957332287879,0.0002712373667272949,0.02937598681361339,0.01944714551309029,0.003937885356753504,0.007264361672582098,0.0005589220106800852,0.0020867609358455053
95,17,78,13035,13159,1,1,False,0.02169863404457939,0.03639206083638069,0.024852652083895643,0.0026745013863869183,0.007306071648228302,0.0009119917956770945,0.004633417378619997,0.003415507359376402,0.031143696815848193
96,17,84,13035,13171,1,1,False,0.05087127610299036,0.059463823309000574,0.02736876147868128,2.280182020800159e-05,0.003885224392888992,0.00042093873666070036,0.0028899800696771116,0.004116382403414609,0.03389877140139459
97,17,101,13035,13207,1,1,False,0.03725691234326911,0.05000331713425432,0.012769067156134017,0.01425499412417161,0.0066558547524129125,0.002912771507272288,0.0032643220161934217,0.0032233752872870003,0.016981512996723208
98,17,106,13035,13217,1,1,False,0.024046614330989313,0.04795507201993754,0.04386205202693316,0.028349609041060098,0.0123499581416682,0.002808987607882313,0.020219821252142223,0.005051131420267585,0.05636717929918911
99,17,125,13035,13255,1,1,False,0.014549366222005089,0.018520816939496143,0.021299965121802766,0.019209272816476802,0.018099414068887792,0.0035951526073680073,0.001256868261562627,0.0018082641194145932,0.02390197054538619
100,18,29,13037,13061,4,4,False,0.004546178222041786,0.011402233961360114,0.003747384135644398,0.0249097802889215,0.0026175687496175007,0.0034095839562297003,0.004427911306843113,0.006119770777582523,0.0010799092529649168
101,18,46,13037,13095,4,4,False,0.007652917658225511,0.00020037828970750904,0.009815930884934397,0.0351609480341543,0.0014324933249659014,0.006547237874432201,0.006396229450969071,0.009661479641587478,0.0013316448782624835
102,18,48,13037,13099,4,4,False,0.016366797100333397,0.01836132266663479,0.007373751597283602,0.007383805077359501,0.004891998305634002,0.0018539312564255991,0.004790361656970832,0.000259025306147187,0.0004192608265913833
103,18,119,13037,13243,4,4,False,0.027805815423116886,0.039377382639585595,0.003554794716438499,0.040726486331757,0.009161236111927998,0.0023362366487912,0.0017924258629347656,0.007188524626961179,0.0018390806875244192
104,18,134,13037,13273,4,4,False,0.03485339418781869,0.0340073889558149,0.012011112652589799,0.0193164542283975,0.007790513350900502,0.001600158974974203,0.007054881854373585,0.0017866863312501202,0.0013217704130034647
105,19,23,13039,13049,6,6,False,0.013359012410996018,0.02243193212002431,0.2833846041698747,0.012775910092250209,0.0022396368754393006,0.06331696929069158,0.0148791390689193,0.005647125337070902,0.1127695814231674
106,19,62,13039,13127,6,6,False,0.024827502674288487,0.0222109659371465,0.1317975794433917,0.016462715646697497,0.012700599908167697,0.030108050118878016,0.0006198445775260075,0.0013339753924325737,0.023166173341445995
107,20,52,13043,13107,4,4,False,0.08419548345456612,0.05540724830745769,0.023321209344522642,0.029165399762639294,0.014559034912357688,0.0022984541616992,0.039360996919664104,0.00629290380769798,0.0021854756501958894
108,20,53,13043,13109,4,4,False,0.07535843593429198,0.04323402830037859,0.016004425512982867,0.0335881635941766,0.019109472934649804,0.0012540015186905,0.03343292152421168,0.005037179186812291,0.0019499872303719024
109,20,131,13043,13267,4,6,True,0.0965314438363934,0.05441379692309878,0.8541376806657262,0.0543372472529266,0.026999135974720506,0.3249154017796074,0.03339997499066838,0.0023967421451270843,0.378554779608957
110,20,137,13043,13279,4,4,False,0.07691644476391629,0.042223476433557894,0.034599180054037504,0.0528320385008356,0.022177688311569202,0.0109215817759158,0.01697295149157646,0.002306287216909675,0.0012698123746021917
111,21,37,13045,13077,1,1,False,0.01395446819038404,0.011214991721302692,0.012044316723088255,0.0223121345278817,0.013316069377477202,0.030884292023657396,0.00457854490402998,0.0006290221242281069,0.029410125804488402
112,21,47,13045,13097,1,1,False,0.021226308947709494,0.030723642390226402,0.019672638149952126,0.005568131252696305,0.006401875758980699,0.024165081912440198,0.005506280761131577,0.003025479925356289,0.021312056885668396
113,21,59,13045,13121,1,1,False,0.02561584810665163,0.04517386688188507,0.03442295591819999,0.016441179782900404,0.015879648531696405,0.0620397002561041,0.012752488452588473,0.004744430372741804,0.02569305341978098
114,21,70,13045,13143,1,1,False,0.016867602668687143,0.018988881243840794,0.019638153155612015,0.011060634500004995,0.006827681216140899,0.0176345532246365,0.0015844995997214006,0.0017231524029793222,0.0318747111947518
115,21,73,13045,13149,1,1,False,0.03248076902352448,0.0413503229054244,0.017662016808991488,0.008828392067987599,0.0031007141295300994,0.0063698690491557994,0.0009756596953933161,0.0028821717487860776,0.02742406350702642
116,21,109,13045,13223,1,1,False,0.032056517778444094,0.0422866253044879,0.04337791860186291,0.006248179642561198,0.0014529260261647997,0.0029517270709264985,0.004239758982956976,0.004477906125264608,0.06140893307369538
117,22,145,13047,13295,1,1,False,0.002292312644700867,0.004478796430310683,0.017412542442326484,0.0012011363442403014,0.002046596786467597,0.015277518588629097,0.0026309613712036106,0.0014316485938982715,0.0013040301047685943
118,22,154,13047,13313,1,1,False,0.0009526105355202041,0.0007415570387886428,0.0075159351404667785,0.0027154896087644015,0.0032909078695712024,0.0013554510351744056,0.002385077032751204,0.0005276190883128362,0.0036420603673065766
119,23,147,13049,13299,6,6,False,0.0016288386498342078,0.001559835566763701,0.039271164440830175,0.006411764218946792,0.003248436142624201,0.04780875069081511,0.010118573717456114,0.0038586800118393105,0.05712305990358163
120,24,50,13051,13103,4,4,False,0.06845403558067681,0.040723335733971355,0.016121766293658024,0.0334241560680855,0.020671089825018793,0.0040331217836507005,0.03009146551552211,0.004886779574170219,0.002246231591972375
121,25,97,13053,13197,3,3,False,0.023940400050166233,0.012478310389202718,0.02304021255802191,0.002059101601461208,0.0066772440458015975,0.0035762792976865992,0.016209399180195427,0.001105355126362395,0.03097359172812003
122,25,105,13053,13215,3,3,False,0.06479924578287954,0.06185391078529351,0.002796610143180084,0.011906654836559602,0.005279020196649192,0.0209505944995326,0.01657132900801811,0.0043357184029094165,0.0015309814346383122
123,25,127,13053,13259,3,4,True,0.06538333234652599,0.0644119539671657,0.2686250858815449,0.022896951311130398,0.008101186533306305,0.0819438115661607,0.013399941922910996,0.004482044105079297,0.10527790062160036
124,25,129,13053,13263,3,3,False,0.17162023385018355,0.14652682450053078,0.03938115162992761,0.031871153129979,0.023193162147303603,0.051532469254861595,0.0557838650083019,0.009911856862236612,0.06367756690135201
125,26,56,13055,13115,1,1,False,0.004073627625901022,0.004779526873520679,0.009031022999096194,0.003545464860543898,0.0030169697256825986,0.005312459595712901,0.0002163546998700805,0.0009392758466063023,0.009749512885561307
126,26,145,13055,13295,1,1,False,0.0063948842955647844,0.005412320260227976,0.016501789248300258,0.0013188146526055058,0.00028638889679669793,0.0009102554371540998,0.001878666142165697,0.001694538757827102,0.011457283224095505
127,27,32,13057,13067,1,1,False,0.009697036992669772,0.004505477092456189,0.0493750828053805,0.006332711380415697,0.0027228048196865987,0.0383444253194719,0.0037531495390958902,0.003026709228871549,0.04472925059391028
128,27,41,13057,13085,1,1,False,0.0034886318027085306,0.01064896954873995,0.021800835004507135,0.005137332011661201,0.005485314303469602,0.009200272688982901,0.008070331848030077,0.002787870568046802,0.009101744143063306
129,27,57,13057,13117,1,1,False,0.0006401643835485249,0.010792423701622256,0.022974688199300375,0.011051440109880399,0.009791827347774597,0.0185400867042506,0.008935036986399303,0.0018236234204264123,0.015430177249910915
130,27,59,13057,13121,1,1,False,0.020757003416390862,0.01017382303762604,0.0816397391631909,0.019579961607305803,0.010879596234875506,0.05718165356825,0.0020795090158621243,0.004371820056930487,0.10243621250529888
131,27,63,13057,13129,1,1,False,0.00022314332123096747,0.00027773814589848733,0.023429679179061136,0.012372182374562397,0.011677521439573,0.0248221094479469,0.007765512653565676,0.0007439381053409022,0.016851150790921976
132,27,111,13057,13227,1,1,False,0.0020933366263501396,0.002814332494245786,0.004047371596412219,0.0031140167709787017,0.0027978686125523025,0.0223999472406358,0.0001492392530291209,0.001007614039789717,0.004481911034510566
133,28,77,13059,13157,1,1,False,0.0054266648551953844,0.00016653991916737443,0.02756359418611043,0.0221992636739943,0.014556755792325404,0.0130152728185597,0.0073190960495341795,0.0001277329330438004,0.034984017241656507
134,28,96,13059,13195,1,1,False,0.0006772398306443828,0.005112882249306061,0.03034630711222952,0.005569542870678998,0.002666134158167799,0.0007928856844443,0.003105316502820421,0.0021186702253550016,0.041577324527026505
135,28,107,13059,13219,1,1,False,0.0005827098582411594,0.00161741903363255,0.01677684443550853,0.008343200119067903,0.004442436349185702,0.0011047996344853983,0.0010076472691787908,0.0007862750556492659,0.022285392026063
136,28,108,13059,13221,1,1,False,0.00541404798950107,0.0052421833520769345,0.007454758510461734,0.021948802531984196,0.016446494223415792,0.0037950279039935947,0.004452774102924606,0.001952778632391794,0.008301125581990032
137,29,48,13061,13099,4,4,False,0.020912975322375182,0.029763556627994903,0.0036263674616392044,0.032293585366281005,0.007509567055251503,0.0015556526998041012,0.00036245035012771876,0.00637879608372971,0.0014991700795563
138,29,117,13061,13239,4,4,False,0.04171165910665281,0.04560496059817598,0.0038526192428407977,0.0368554894488031,0.008504551769948597,0.0015925248607319975,0.0010543345245155877,0.005569049368867096,0.0015808484618120011
139,29,119,13061,13243,4,4,False,0.0232596372010751,0.02797514867822548,0.007302178852082897,0.0158167060428355,0.006543667362310497,0.0010733473074385005,0.006220337169777879,0.0010687538493786564,0.0007591714345595024
140,30,43,13063,13089,1,1,False,0.014834547462147518,0.01725586769901233,0.047978639649999044,0.008436672469799289,0.0018818860790110054,0.0004533567701644897,0.006793523438772486,0.003169532020974697,0.05931672275180949
141,30,55,13063,13113,1,1,False,0.014249747147429881,0.02038953819846856,0.019605969537343393,0.0006722774442448898,0.0038283329635477037,0.0097885838897806,0.0043249679473840175,0.002041806273326785,0.019660759626753704
142,30,59,13063,13121,1,1,False,0.010772553778812366,0.009843313788677976,0.019822713848303364,0.019813018223888992,0.0116484945748839,0.007026961161782294,0.0009275238033091271,0.0012686633694941052,0.038143652898718794
143,30,74,13063,13151,1,1,False,0.005509778105577623,0.0043120156568166035,0.0031920930623665633,0.023752679806799806,0.014424685308616597,0.0046473271681600065,0.00144659234627309,9.489178926430641e-05,0.0015537039920510975
144,30,125,13063,13255,1,1,False,0.024733856042542746,0.036118789928600625,0.017836634692708908,0.033919393803936396,0.015772416752819096,0.004990059917545503,0.004560901064746381,0.002462077919358985,0.027542435473282792
145,31,49,13065,13101,6,6,False,0.01289377692624269,0.025762034643074083,0.011008733327683928,0.0024831606771932996,0.0037781553667136005,0.015062839391721483,0.002330452597736954,0.0007524376986399739,0.013466897578680193
146,31,85,13065,13173,6,6,False,0.0014672718200672008,0.0151775574515573,0.06137243956914201,0.003906395336256696,0.0017175795767574997,0.0010310382386464756,0.018516892727081458,0.006638074598208699,0.052175435225699174
147,31,147,13065,13299,6,6,False,0.017901367396798706,0.035705898816850906,0.022781345119861185,0.010341220620968206,0.006774174101921101,0.01734489902170952,0.012146318577248016,0.004124346746568419,0.011828988881638525
148,32,47,13067,13097,1,1,False,0.015449505582663225,0.02011857043682852,0.04701497412605826,0.002374201696686007,0.0013209813575267987,0.019037390094885802,0.00557256716822313,0.003064061275444452,0.06208795844550119
149,32,59,13067,13121,1,1,False,0.01105996642372109,0.00566834594516985,0.032264656357810395,0.013247250226890106,0.008156791415188908,0.0188372282487781,0.0016736405232337659,0.0013451108280589374,0.057706961911388605
150,32,109,13067,13223,1,1,False,0.004619296751928625,0.00855558752256702,0.02330969367414748,0.009442109198571497,0.009175783142672297,0.040250744936399505,0.006839088946397731,0.001611635075536133,0.021991082257474204
151,33,76,13069,13155,2,2,False,0.003955469952634794,0.008911767296880702,0.009747881547130577,0.005917877831525004,0.0019926034967864964,0.0299509193863635,0.03148641569435939,0.010078821525053294,0.15677469768899288
152,33,79,13069,13161,2,4,True,0.05218743871845061,0.04536708458912231,0.27679399329829835,0.025764963562667803,0.0152301707170402,0.0295236881253701,0.0018994336504098985,0.0018480498223301112,0.3852359041004194
153,33,133,13069,13271,2,4,True,0.056709541909910594,0.056635635044090804,0.15169144187558758,0.0014682354553659932,0.016585352836500797,0.0514748988883558,0.02877417222620471,0.006164994314041494,0.3795433107336964
154,33,147,13069,13299,2,6,True,0.024176681792860505,0.027077438893851613,0.035395202320128716,0.009956791074937105,0.008776097689433,0.13111953896811018,0.0323684820228739,0.009952741493919115,0.09120725216399056
155,34,36,13071,13075,2,2,False,0.00047404117941710067,0.010543363088595992,0.2170900791863239,0.002960850995965006,0.0008590191037978999,0.05776608711054518,0.016125381449153597,0.008117186947020516,0.8573652453888985
156,34,100,13071,13205,2,2,False,0.002511821141418097,0.015838230884769017,0.0454148233670843,0.02352149195839949,0.0007087038127757024,0.01722782027618558,0.006439512106770906,0.011204680228439456,0.21746557113988096
157,34,135,13071,13275,2,2,False,0.01560473453486809,0.021660499839674024,0.025549859822465493,0.0013047524665441013,0.0048933355701593,0.02559715461348548,0.004844179209702704,0.0004614385810928212,0.3529179431163507
158,34,136,13071,13277,2,2,False,0.02475300803015082,0.04139979898307139,0.13480911472539808,0.0010259077983545,0.0078802783670914,0.04611072227576542,0.0018898125183398062,0.0023802587267048314,0.5377122474155306
159,34,158,13071,13321,2,2,False,0.01989843322310761,0.018261644870109395,0.12179969327066348,0.011540686043309892,0.006669293989364201,0.01221110507659102,0.012405557874711204,0.006039965790374302,0.5392533462663301
160,35,89,13073,13181,5,5,False,0.01241241886285216,0.025114181999969176,0.013825181215202376,0.007739179896365689,0.01085942375621432,0.012490633773750287,0.020323858869787437,0.003501778931423505,0.015052253129998139
161,35,93,13073,13189,5,5,False,0.024058236567540026,0.015581580118969263,0.02074247053847117,0.0005648705160722911,0.001357453395351399,0.030858756518501895,0.0100504968005245,0.004171528032656413,0.03995378945069372
162,35,120,13073,13245,5,5,False,0.0291759174206333,0.04185282379806177,0.004810340943007252,0.004485631119606315,0.0020891909603792114,0.0160653834203508,0.0006559845586967539,0.0030138839669969775,0.0017012989660477595
163,36,91,13075,13185,2,2,False,0.0084615867742317,0.003223242503146012,0.1184296665315953,0.002402583563982999,0.005556644486108198,0.05886890909840091,0.019291751134720203,0.007194990875989182,0.22040550743768095
164,36,136,13075,13277,2,2,False,0.02427896685073372,0.030856435894475398,0.351899193911722,0.0019349431976105058,0.0087392974708893,0.1038768093863106,0.018015193967493404,0.005736928220315685,1.395077492804429
165,37,55,13077,13113,1,1,False,0.014548015370793421,0.026156006616041227,0.007038589255641492,0.013269786034662806,0.0103837407655554,0.028393785504448397,0.004776499404483603,0.0020629828541490203,0.0027012333012031153
166,37,59,13077,13121,1,1,False,0.03957031629703567,0.056388858603187764,0.04646727264128825,0.0058709547449812965,0.0025635791542192032,0.031155408232446703,0.008173943548558493,0.0053734524969699105,0.05510317922426938
167,37,73,13077,13149,1,1,False,0.01852630083314044,0.030135331184121705,0.005617700085903232,0.013483742459894102,0.010215355247947103,0.0245144229745016,0.0036028852086366636,0.0022531496245579707,0.0019860622974619824
168,37,98,13077,13199,1,1,False,0.061102338633300834,0.06766646927452691,0.017657992952698986,0.029202756931934706,0.013554392895978692,0.0168061254711019,0.007173692990518843,0.0037167457370467782,0.031920455468885514
169,37,125,13077,13255,1,1,False,0.0040639064756805565,0.010426754885909162,0.008807924100275977,0.04786145728284409,0.0299844904819222,0.0431724293117745,0.004540566287121239,0.0016427112081168205,0.010582909147732203
170,37,140,13077,13285,1,1,False,0.06574583010411217,0.07817665363149207,0.016189075520006035,0.003858786214267204,0.0027778689319471056,0.011766187645479598,0.003991443219550916,0.004863838562039091,0.01862046013691461
171,38,95,13079,13193,3,3,False,0.14980036736200802,0.15251704196987953,0.2001917286353795,0.06928653036253449,0.026952897373318005,0.1406585547118455,0.030466620434923486,0.0045536026284145326,0.012177848081848741
172,38,101,13079,13207,3,1,True,0.11664630565191336,0.13531825926062724,0.42493787616739565,0.02006881364768101,0.01650239355346861,0.28919196883007336,0.01636930259083702,0.008200701391000875,0.3990916431310132
173,38,110,13079,13225,3,3,False,0.05092210194308583,0.062073436864932996,0.0027379852053501796,0.030778733940269087,0.005342486772919694,0.0016292308907361885,0.010475932842662627,0.0003145108563210042,0.010596645997669185
174,38,132,13079,13269,3,3,False,0.06419307681114311,0.061178192140230236,0.3196587081775427,0.022510812042616984,0.0162387669261089,0.1385814282266161,0.011733677730489389,0.0034668697455702002,0.03460267801383976
175,38,144,13079,13293,3,1,True,0.03304890898632873,0.04524049987098666,0.4635424046277299,0.0021141187339084877,0.0031720321957534048,0.28672979082709327,0.0029512419455530736,0.0023605975079225017,0.44520479606011865
176,39,45,13081,13093,4,4,False,0.0655556773988561,0.045576767082482095,0.0232710997986719,0.0501065392890899,0.014908919394691099,0.0031883043419018986,0.017982274426058376,0.006784901101620278,0.004606221537064414
177,39,87,13081,13177,4,4,False,0.026933032656764194,0.05162345740415791,0.046841013128707296,0.0199518231381458,0.005961735229626203,0.009682972205577699,0.00826802030574425,0.008931136792842409,0.003995354673266283
178,39,128,13081,13261,4,4,False,0.03785251015551827,0.004665590435704692,0.035495320047974,0.0758556704135689,0.007254795859239001,0.012521308930256398,0.001960740304763675,0.017409716922068497,0.000888977498248289
179,39,141,13081,13287,4,2,True,0.0370637660085458,0.021429445745489994,0.3564427054554237,0.0374943903822489,0.007515509620746902,0.0524500908818763,0.011217050079248503,0.007855125425947296,0.08111266813990198
180,39,155,13081,13315,4,4,False,0.008736918339005778,0.04726164204458111,0.1349951460489963,0.0359303607463497,0.0032671094801676945,0.0242117233481366,0.005708877904027521,0.01032324226227782,0.015972753087317604
181,39,158,13081,13321,4,2,True,0.06949811271565651,0.0714672382781158,0.3145886476403919,0.0387368360237917,0.0162876257628861,0.0076085890484989,0.017221065397403534,0.006317810703152293,0.23656946153937558
182,40,145,13083,13295,1,1,False,0.0011177834054656444,0.0017918082526698909,0.004735734922407198,0.0034975864319374966,0.0036540432784309025,0.009955733761826398,0.0025768192906591714,0.00045168411997803526,0.007642211285409428
183,41,54,13085,13111,1,1,False,0.003759846514806209,0.001640843924763713,0.010137917583156852,0.013528046704188702,0.012103007181455204,0.0465102337474284,0.006824988059064174,0.0006788445457129311,0.0238565509942259
184,41,57,13085,13117,1,1,False,0.0028484674191600057,0.00014345415288230523,0.0011738531947932396,0.005914108098219198,0.004306513044304995,0.0277403593932335,0.0008647051383692261,0.0009642471476203895,0.0063284331068476085
185,41,60,13085,13123,1,1,False,0.001901032841671535,0.004963186653588525,0.014245674006839293,0.012675791984000102,0.011709750970642703,0.0379744725790705,0.008067128752886898,0.0003259815418195644,0.021764875287045182
186,41,68,13085,13139,1,1,False,0.0026200741672431915,0.0011585445078556855,0.013759788717800925,0.013370524073843704,0.0102488286224059,0.028456244348881297,0.008797151546525217,0.0012395693588627132,0.017442315197925218
187,41,92,13085,13187,1,1,False,0.003145067744669494,0.0012142235899308407,0.002228164538873534,0.0018733457193634007,0.0008553653437195982,0.011673149546973401,0.002088570495916431,0.0011380583390551147,0.002292291111925304
188,41,111,13085,13227,1,1,False,0.001395295176358391,0.007834637054494165,0.017753463408094916,0.008251348782639903,0.008283182916021904,0.0131996745516529,0.007921092595000956,0.0017802565282570848,0.013583655177573872
189,42,64,13087,13131,4,2,True,0.008864392646076996,0.0038161360622389062,0.2867564987328044,0.0200832283304571,0.00017364721982430012,0.0523278640736331,7.265630316599658e-05,0.0076481867171436235,0.8541333442492207
190,42,99,13087,13201,4,4,False,0.006960130549271998,0.012048658620492494,0.002881205849865995,0.02275174602002989,0.0062568580973901,0.0031627479433688002,0.006934781374004717,0.007996100173964071,0.0020538321412703064
191,42,100,13087,13205,4,2,True,0.009386425400030596,0.016789465759980596,0.3188056700798432,0.006331981099889611,0.0049980224354749005,0.050224541118824996,0.0038997490919644995,0.003461073777265844,0.5499686816535676
192,42,124,13087,13253,4,4,False,0.00508265222330509,0.0024081452923093993,0.002000341312912296,0.012564296584733993,0.002548353083233399,0.003872492472806105,0.00444893482788461,0.005786491049280695,0.0014785612044808105
193,43,59,13089,13121,1,1,False,0.004061993683335152,0.007412553910334352,0.02815592580169568,0.011376345754089703,0.009766608495872894,0.006573604391617804,0.007721047242081613,0.0019008686514805917,0.021173069853090698
194,43,66,13089,13135,1,1,False,0.012650809898545834,0.013566858916062796,0.06851244839194848,0.008191910967930899,0.002897613803578697,0.004949633491020608,0.005888647331287189,0.003264916678630325,0.0852520185908508
195,43,74,13089,13151,1,1,False,0.02034432556772514,0.021567883355828932,0.04478654658763248,0.032189352276599095,0.016306571387627602,0.005100683938324496,0.005346931092499396,0.0032644238102390033,0.06087042674386059
196,43,121,13089,13247,1,1,False,0.00019345375463275527,0.008118084168002637,0.003952560921642201,0.014208997491379494,0.010283583220600398,0.003152537603902189,0.005290648174907209,0.0009012623775517259,0.000778283824975301
197,44,86,13091,13175,4,4,False,0.1321136291652345,0.0697481401236415,0.12739574309847346,0.0801727920469075,0.028915415018958196,0.020318420382413403,0.01634032360812898,0.003414990753331515,0.0089147556792874
198,44,115,13091,13235,4,4,False,0.0021722189630024036,0.03814608740487491,0.26128337624756526,0.0144038821050273,0.0039671557040489025,0.031464621801134206,0.014348852095444786,0.008219581681224608,0.037456083313614386
199,44,133,13091,13271,4,4,False,0.06358936120698921,0.05291697461173178,0.04145053228376039,0.035934494647693806,0.020631090058667208,0.021010275167435498,0.0311543412368544,0.01013143779801351,0.009586489628393396
200,44,152,13091,13309,4,4,False,0.01914283592739191,0.0176486927738031,0.14136009087569834,0.0077714400969578,0.0031713679765821012,0.009925822129148904,0.03245557516630321,0.011510762696870014,0.011838075269693188
201,44,155,13091,13315,4,4,False,0.06793586930343412,0.07736962214804899,0.3490106554585547,0.0281896891058167,0.02101019566391061,0.030806327911348703,0.0017238101902811165,0.002344956617582883,0.0494324852039838
202,45,75,13093,13153,4,3,True,0.10254288471342288,0.06193393722640672,0.3499745957711243,0.0469347081813936,0.0220733262819403,0.1973251378223338,0.015307115755413325,0.00047557471078507607,0.24377112035468296
203,45,95,13093,13193,4,3,True,0.08354363375307478,0.045511589492539584,0.1938971281354572,0.07267699421766101,0.012920784419459992,0.0808111686953021,0.012359318929898722,0.011070711276042922,0.24163576749062643
204,45,115,13093,13235,4,4,False,0.008944891280581402,0.0409084097052731,0.1994513254613138,0.0434433288245956,0.0054012300453383025,0.026741733800253,0.0076184900443599934,0.011233518300256373,0.023342933440622604
205,45,128,13093,13261,4,4,False,0.027703167243337823,0.0409111766467774,0.0587664198466459,0.025749131124478998,0.007654123535452098,0.0093330045883545,0.0160215341212947,0.010624815820448219,0.005495199035312703
206,45,155,13093,13315,4,4,False,0.056818759059850316,0.0016848749620990144,0.1117240462503244,0.0860369000354396,0.011641809914523404,0.0274000276900385,0.023691152330085896,0.0171081433638981,0.01136653155025319
207,46,87,13095,13177,4,4,False,0.03248763391708842,0.027220461715489086,0.012507226455824805,0.021788399533650298,0.0079209231931631,0.00024071329507339978,0.005560932151715381,0.002690427464906109,0.0020248700575138945
208,46,100,13095,13205,4,2,True,0.027464058223493404,0.02672319491334721,0.2975520173213448,0.024919453713197606,0.008365557516685298,0.046971199901926594,0.009358158707884201,0.007393805593023439,0.5523370119350446
209,46,134,13095,13273,4,4,False,0.0425063118460442,0.03380701066610739,0.002195181767655402,0.0544774022625518,0.009223006675866403,0.004947078899457998,0.0006586524034045138,0.011448165972837598,0.002653415291265948
210,46,158,13095,13321,4,2,True,0.010077446141803892,0.007376680841531202,0.37393688722492396,0.036900259628287205,0.002404967340096799,0.017532274549149997,0.003392112939943903,0.012558520031088594,0.2305492368085954
211,47,59,13097,13121,1,1,False,0.004389539158942135,0.01445022449165867,0.014750317768247867,0.010873048530204099,0.009477772772715706,0.0378746183436639,0.007246207691456896,0.0017189504473855144,0.004380996534112586
212,47,109,13097,13223,1,1,False,0.0108302088307346,0.0115629829142615,0.023705280451910782,0.011816310895257504,0.007854801785145499,0.021213354841513703,0.0012665217781746008,0.0014524261999083188,0.040096876188026986
213,48,99,13099,13201,4,4,False,0.021176473632144116,0.012902301096493013,0.0011827644264143997,0.023612869550072902,0.0036472168741019974,0.0019850799705906017,0.004863464682095919,0.005339085977233815,0.0012268821918777206
214,48,124,13099,13253,4,4,False,0.033219256404721204,0.027359105009294907,0.0060643115891926905,0.033800318985368796,0.007355721888258698,0.0012753354411532969,0.002377618135975812,0.007548695101917191,0.0018021531286672166
215,49,85,13101,13173,6,6,False,0.011426505106175489,0.010584477191516783,0.07238117289682594,0.0014232346590633965,0.0054957349434711,0.014031801153075008,0.016186440129344504,0.005885636899568725,0.06564233280437937
216,49,91,13101,13185,6,2,True,0.0012138500567830945,0.008942044745806121,0.4693278691516086,0.0028247975322664015,0.0028949815670010013,0.05162601458607019,0.016761536168705904,0.006370633724090136,1.6386113212852325
217,50,123,13103,13251,4,4,False,0.12011330720355817,0.07919728524637293,0.018580717754942078,0.055746049272933106,0.026640248260724503,0.002721929548912601,0.055861044275959004,0.007677140863463494,0.0026084056200334216
218,51,72,13105,13147,1,1,False,0.008111353661677256,0.00044132615294301125,0.010928399227808416,0.020719615620941517,0.012138169140154795,0.019091044518116704,0.007009005994339512,7.88063137590056e-05,0.012062890550733674
219,51,89,13105,13181,1,5,True,0.00038652566260422017,0.010148860378155655,0.22323279074533453,0.0340093247981027,0.028227148735584892,0.09665612422902958,0.021128465662067275,0.0033179274463397967,0.07946624979166461
220,51,96,13105,13195,1,1,False,0.010623125963329927,0.004893427024873498,0.0060356391517970565,0.01910369644040201,0.011149738383191596,0.0039894092267797054,0.01140336139606718,0.002152717870327614,0.005608762300942205
221,51,108,13105,13221,1,1,False,0.00588631780447324,0.004764125922102624,0.0317654264708942,0.008414648962261184,0.007962889998391995,0.0005985043616581892,0.010055903795962995,0.0023186094632908216,0.04426968780807433
222,51,156,13105,13317,1,5,True,0.004907150573082553,0.0013632408795497541,0.2541112261703655,0.02604883650733178,0.0214331137618083,0.055123732321293695,0.0161763572373258,6.34182156558083e-05,0.1310552553835368
223,52,80,13107,13163,4,5,True,0.21549120691792245,0.18374808062606446,0.32398324126238853,0.08312131542297742,0.02966426590828572,0.06810762975208949,0.08604835282622214,0.011075926584140194,0.27348974406956406
224,52,81,13107,13165,4,4,False,0.04842176080157701,0.03590720148207238,0.031771630972434295,0.03593176298370701,0.010806751656992311,0.0068750988391344005,0.010009566011371596,0.003705063768319694,0.0019324136472413933
225,52,82,13107,13167,4,5,True,0.09588557124166242,0.0633408827129528,0.48511950170931994,0.0189863925903455,0.01045117283926851,0.0306883788307411,0.04650599021241353,0.010030417020915616,0.32620218178722515
226,52,86,13107,13175,4,4,False,0.02394405914521741,0.0003334320894249898,0.12463745191123998,0.04834861808342819,0.010948357607413792,0.0161519315851868,0.020278167185641516,0.013623026777188907,0.006394894297035797
227,52,102,13107,13209,4,4,False,0.15956499275643993,0.08987572943772831,0.04991286571329112,0.09288667923378319,0.03728754264164609,0.0157680806491651,0.04264533965625311,0.0006493306547140087,0.0011117188286575985
228,52,131,13107,13267,4,6,True,0.18072692729095952,0.10982104523055647,0.8308164713212035,0.0835026470155659,0.041558170887078194,0.3226169476179082,0.07276097191033248,0.008689645952825065,0.3763693039587611
229,52,137,13107,13279,4,4,False,0.16111192821848241,0.09763072474101558,0.011277970709514862,0.0819974382634749,0.03673672322392689,0.0086231276142166,0.056333948411240564,0.0039866165907883055,0.0009156632755936978
230,52,139,13107,13283,4,4,False,0.0722985291926515,0.036558429272969206,0.04312785359379112,0.0488651002415402,0.015193009929980197,0.0090746173035876,0.012301345299884858,0.0036325000120844275,0.0019752056472855106
231,53,88,13109,13179,4,6,True,0.04972075815249283,0.025987750074098592,0.920051992088877,0.022028803429439303,0.0170825574394736,0.3187404798469351,0.026542620864783206,0.006380336558026722,0.4616582306152139
232,53,131,13109,13267,4,6,True,0.021173007902101415,0.011179768622720188,0.870142106178709,0.02074908365875,0.007889663040070702,0.3261694032982979,3.2946533543298795e-05,0.0026404370416852063,0.38050476683932893
233,54,60,13111,13123,1,1,False,0.0018588136731346738,0.003322342728824812,0.00410775642368244,0.0008522547201885999,0.00039325621081250095,0.0085357611683579,0.0012421406938227242,0.0010048260875324955,0.002091675707180718
234,54,92,13111,13187,1,1,False,0.0006147787701367147,0.0004266203348328723,0.012366082122030386,0.011654700984825302,0.011247641837735606,0.034837084200455004,0.008913558554980605,0.0004592137933421836,0.021564259882300596
235,54,104,13111,13213,1,1,False,0.0006553960088250266,0.007486227311684468,0.014562996370881764,0.005756806340352194,0.005432426583688199,0.0008899421704973987,0.006126486584694002,0.002029016230422731,0.007295921464983091
236,54,143,13111,13291,1,1,False,0.0006812543136910376,0.0008588142617411698,0.012065250298435748,0.008981883789862005,0.008984864352230802,0.021221727821368302,0.008852022113648383,0.001478712732775389,0.015992437235911205
237,55,59,13113,13121,1,1,False,0.025022300926242247,0.030232851987146536,0.03942868338564676,0.019140740779644103,0.007820161611336196,0.0027616227279983058,0.0033974441440748904,0.00331046964282089,0.0578044125254725
238,55,125,13113,13255,1,1,False,0.010484108895112865,0.015729251730132066,0.0017693348446344848,0.034591671248181285,0.0196007497163668,0.014778643807326103,0.00023593311736236355,0.0004202716460321998,0.007881675846529088
239,56,63,13115,13129,1,1,False,0.010271678068936141,0.01485835040979755,0.0412084060564506,0.0032548753915543002,0.0056354222384438005,0.0062193083613320994,0.007247200776022644,0.0034713278106938694,0.035766094305863694
240,56,114,13115,13233,1,1,False,0.007662716770996614,0.006848300105906646,0.013847239570827119,0.004389452979235799,0.0035877298071902985,0.005486479222972299,6.679053707697724e-05,0.0013239895520453793,0.018536907508922812
241,56,145,13115,13295,1,1,False,0.010468511921465806,0.010191847133748655,0.025532812247396452,0.004864279513149404,0.0033033586224792966,0.006222715032867001,0.0016623114422956164,0.0026338146044334043,0.02120679610965681
242,57,59,13117,13121,1,1,False,0.021397167799939387,0.020966246739248295,0.10461442736249127,0.008528521497425404,0.0010877688871009095,0.0386415668639994,0.011014546002261427,0.006195443477356899,0.1178663897552098
243,57,66,13117,13135,1,1,False,0.004684364218058401,1.316608714885259e-05,0.007946053168847111,0.011712956283584208,0.007956763579395107,0.0402655377645966,0.002595148571107375,0.001029658147245982,0.011441301311268304
244,57,68,13117,13139,1,1,False,0.00022839325191681414,0.0013019986607379908,0.012585935523007685,0.007456415975624506,0.005942315578100904,0.000715884955647797,0.007932446408155991,0.002203816506483103,0.01111388209107761
245,58,72,13119,13147,1,1,False,0.00670140336822711,0.003917971187689995,0.0037420619850826453,0.013213583023703387,0.009192595519825902,0.014797982498111505,0.007528503476203874,0.0015218110815961028,0.008115483096558962
246,58,96,13119,13195,1,1,False,0.00418963106657444,0.0014167819901265144,0.0011506980909287146,0.014829502204242895,0.010181026276789101,0.029899617789448503,0.0031341480744762062,0.0007097131024905168,0.0016613548467674932
247,58,126,13119,13257,1,1,False,0.002345871070528527,0.0001323695579082962,0.002775240355482156,0.006638491876140712,0.0047684480476691965,0.014740243557899296,0.0016868677252137032,0.00021051829409818312,0.0060286689456074405
248,59,66,13121,13135,1,1,False,0.016712803581880986,0.020979412826397148,0.09666837419364416,0.0031844347861588046,0.0068689946922941975,0.0016239709005971964,0.013609694573368802,0.005165785330110917,0.1064250884439415
249,60,63,13123,13129,1,1,False,0.005166521323149098,0.005408044749252938,0.03098484017672898,0.004833722402223496,0.005453084772399898,0.022352635820106503,0.007768715748708854,0.0032058271315681397,0.0041880196469401
250,60,104,13123,13213,1,1,False,0.0012034176643096473,0.004163884582859656,0.010455239947199324,0.006609061060540794,0.0058256827945007,0.009425703338855299,0.004884345890871278,0.0010241901428902356,0.009387597172163809
251,60,111,13123,13227,1,1,False,0.003296328018029926,0.0028714504009056396,0.0035077894012556232,0.0044244432013601995,0.003426568054620799,0.024774798027417604,0.0001460361578859426,0.0014542749864375204,0.00818122010947131
252,61,69,13125,13141,5,5,False,0.017654924895474267,0.024882654157151962,0.2945330566414079,0.0002646758954645001,0.003243689969159691,0.049895302993008796,0.0009506067107523108,0.006621845731256626,0.09696597995680833
253,61,80,13125,13163,5,5,False,0.0492411382052691,0.05475076797049272,0.01198479425047111,0.013898352362432587,0.005779634146734186,0.007659304558347298,0.014957246400181368,0.004932362438278715,0.03498440801401248
254,61,148,13125,13301,5,5,False,0.007959693915696953,0.019172317118060667,0.015029528474768516,0.0016529546775995996,0.00022841120742919663,0.012361314757881998,0.00574044541642299,0.0008822608494316042,0.004115034444559962
255,61,149,13125,13303,5,5,False,0.03538204414168533,0.062398996418188135,0.1867732726796759,0.02662926725269929,0.009042380521497695,0.034134045372693496,0.0024793309750935077,0.0017269680685542133,0.040387236347310784
256,62,94,13127,13191,6,6,False,0.02216707414378541,0.015081003838235185,0.0362279446955643,0.015465738393981,0.007934184709690102,0.020369592543625192,0.0019025895441797114,0.0004295109894434934,0.00018755095923195242
257,62,150,13127,13305,6,6,False,0.011104078980405996,0.006829387736045078,0.036308871155057,0.0035884843444762005,0.003541235956840104,0.007559235042317813,0.012302050304967338,0.005088140446789513,0.05361456519978891
258,63,104,13129,13213,1,1,False,0.006369938987458745,0.0012441601663932822,0.020529600229529654,0.0017753386583172978,0.0003725980221008021,0.031778339158961805,0.0028843698578375765,0.002181636988677904,0.005199577525223709
259,63,111,13129,13227,1,1,False,0.0018701933051191721,0.0025365943483472986,0.027477050775473355,0.009258165603583696,0.008879652827020697,0.0024221622073111,0.007914751906594797,0.0017515521451306193,0.01236923975641141
260,63,145,13129,13295,1,1,False,0.00019683385252966534,0.0046665032760488945,0.015675593809054145,0.008119154904703704,0.008938780860923097,0.0124420233941991,0.005584889333727028,0.0008375132062604651,0.014559298196206882
261,63,154,13129,13313,1,1,False,0.0034417570327507363,0.0005538501930504314,0.009252883773739118,0.004202528951699001,0.0036012762048842975,0.029074993018002603,0.0005688509297722133,0.0011217544759506426,0.009613207724131712
262,64,100,13131,13205,2,2,False,0.018250818046107592,0.01297332969774169,0.0320491713470388,0.01375124723056749,0.005171669655299201,0.002103322954808102,0.003972405395130496,0.0041871129398777795,0.3041646625956531
263,64,135,13131,13275,2,2,False,0.00013426236982140571,0.007151060742836682,0.03891551184251099,0.011074997194376102,0.0004303697276358022,0.0062660113824918005,0.007311285921343114,0.007479005869654498,0.26621885166057857
264,65,69,13133,13141,1,5,True,0.020961507685551384,0.018593670116197614,0.6550201360634209,0.014180240338839412,0.014549035996374221,0.0780709952357872,0.040140450813983486,0.0011203083694911187,0.368037323907488
265,65,103,13133,13211,1,1,False,0.004722004452837658,0.0033211990908486033,0.012870868027728966,0.008590279906699888,0.012075705392955091,0.0017599062413827943,0.0011687324924052334,0.002711594323107913,0.01766167953982689
266,65,107,13133,13219,1,1,False,0.008218084475434484,0.0032585431328447934,0.02793596350036709,0.032201364872123786,0.026925128343187582,0.004168646145711802,0.02019054376597401,6.280301081862394e-05,0.03628133895160701
267,65,108,13133,13221,1,1,False,0.013049422606694394,0.003601059252864691,0.037258049425413886,0.018595762459207493,0.014921070468957492,0.0014784178762036054,0.02565096513807741,0.002801856698859684,0.05026560539567998
268,65,116,13133,13237,1,5,True,0.003804698673816609,0.003630477947332067,0.7159645700275846,0.009657659920148609,0.007260484974325909,0.017611512624044603,0.02540720551171316,0.0040925167277179875,0.30008519491139096
269,65,130,13133,13265,1,5,True,0.006820328551944477,0.011362818720448753,0.36430670245597724,0.010039128044216,0.008599647515943415,0.022428707847925305,0.012888222221410284,0.002749871713506713,0.3052133475584581
270,66,68,13135,13139,1,1,False,0.004912757469975215,0.0013151647478868433,0.020531988691854797,0.0042565403079597025,0.002014448001294203,0.0395496528089488,0.005337297837048616,0.003233474653729085,0.022555183402345913
271,66,77,13135,13157,1,1,False,0.0014747848336559288,0.0008149189116858357,0.028219369663484817,0.013014379832000392,0.009890122091009396,0.0022219759255781985,0.015399505422860726,0.003707405731032176,0.034932197912921126
272,66,121,13135,13247,1,1,False,0.01284426365317859,0.005448774748060159,0.06455988747030628,0.022400908459310392,0.013181197024179095,0.008102171094922797,0.0005979991563799802,0.0023636543010785993,0.0844737347658755
273,66,146,13135,13297,1,1,False,0.0065588497733632956,0.003072353416674223,0.03408893119890488,0.027122029036273698,0.0182556300133927,0.009195433391094507,0.008042716379776327,0.0004472675808721016,0.046352577777591775
274,67,68,13137,13139,1,1,False,0.0021371598500088407,0.0016028072828575546,0.0016251983394319769,0.0007481202301014012,0.00033562270238679526,0.018401541415183898,0.005579885528535111,0.002616767405515419,0.0023197058183266894
275,67,118,13137,13241,1,1,False,0.0012862169910613508,0.0017317686437934299,0.0021447695872943706,0.003717379688786507,0.0029075278464889,0.0131924498888427,0.0003189489202304885,0.0010530435551515671,0.006198171042975598
276,67,126,13137,13257,1,1,False,0.005143535035064928,0.0027626029357432635,0.007220353293763693,0.013180767092993192,0.009181340104389701,0.023311744085322102,0.01008571880994169,0.0010237982267751744,0.013600003821896967
277,67,138,13137,13281,1,1,False,0.004136777040636086,0.0003472388833328788,0.008974813383589741,0.013050630745209,0.010160865144842102,0.0312624112988064,0.008208386479072516,0.0003366388168355994,0.0184849368122052
278,67,153,13137,13311,1,1,False,0.0023724153917832336,0.0014980372978127265,0.0060291182790637166,0.007952602869210804,0.00590994488503041,0.013578165206453899,0.006371194394689805,0.0012081908328144264,0.009520862622723336
279,68,77,13139,13157,1,1,False,0.0034379726363192864,0.002130083659572679,0.00768738097163002,0.017270920139960094,0.011904570092303599,0.0373276768833706,0.01006220758581211,0.00047393107730309136,0.012377014510575213
280,68,92,13139,13187,1,1,False,0.005765141911912686,5.567908207515515e-05,0.011531624178927391,0.015243869793207104,0.011104193966125497,0.040129393895854695,0.006708581050608786,0.00010151101980759858,0.019734606309850522
281,68,153,13139,13311,1,1,False,0.004509575241792074,0.00010476998504482804,0.00440391993963174,0.008700723099312205,0.006245567587417206,0.03197970662163779,0.0007913088661546941,0.0014085765727009925,0.011840568441050026
282,69,116,13141,13237,5,5,False,0.017156809011734775,0.014963192168865547,0.0609444339641637,0.0045225804186908025,0.007288551022048312,0.0956825078598318,0.014733245302270326,0.002972208358226869,0.06795212899609704
283,69,130,13141,13265,5,5,False,0.014141179133606907,0.007230851395748861,0.29071343360744367,0.004141112294623411,0.005949388480430806,0.055642287387861894,0.027252228592573202,0.0038701800829978317,0.06282397634902992
284,69,148,13141,13301,5,5,False,0.009695230979777314,0.0057103370390912955,0.3095625851161764,0.0013882787821350995,0.0030152787617304944,0.062256617750890794,0.006691052127175301,0.005739584881825022,0.09285094551224837
285,69,149,13141,13303,5,5,False,0.0530369690371596,0.0872816505753401,0.107759783961732,0.02689394314816379,0.005798690552338004,0.0157612576203153,0.0034299376858458186,0.004894877662702413,0.05657874360949755
286,70,109,13143,13223,1,1,False,0.01518891510975695,0.023297744060647108,0.023739765446250893,0.004812454857443797,0.005374755189976099,0.020586280295563,0.005824258582678377,0.002754753722285286,0.029534221878943584
287,70,114,13143,13233,1,1,False,0.011793997335653561,0.01492989630586461,0.01793921711944002,0.003315752111281302,0.0018974803578647031,0.0030623386738160997,0.0013369931015067005,0.001853842558612817,0.025100402124619586
288,71,98,13145,13199,1,1,False,0.1082794374806682,0.09628476938974745,0.010753494220981596,0.0041381709356802104,0.006905865272380393,0.010347850499321597,0.02660393158136426,0.005738119199688807,0.010383493801608398
289,71,105,13145,13215,1,3,True,0.09091049751815977,0.0832598999827282,0.6764196876618451,0.0019667003013224965,0.002755850622064307,0.10982908650000289,0.027902472469650108,0.004893581378534684,0.2961139852442919
290,71,129,13145,13263,1,3,True,0.01591049054914423,0.001413013732509072,0.7185974494349529,0.0179977979920969,0.015158291328590104,0.1404109612553319,0.011310063530633685,0.0006825570807925119,0.3582605707110056
291,71,140,13145,13285,1,1,False,0.10363594600985687,0.08577458503278229,0.012222411653674548,0.021205799781987292,0.009426396555545405,0.0182244626172599,0.029786181352332186,0.004591026374696494,0.023683489133579302
292,72,96,13147,13195,1,1,False,0.0025117723016526705,0.005334753177816509,0.00489276007601136,0.0016159191805395073,0.000988430756963199,0.015101635291336998,0.004394355401727668,0.0022315241840866196,0.006454128249791469
293,73,140,13149,13285,1,1,False,0.04721952927097173,0.04804132244737036,0.010571375434102803,0.017342528674161306,0.007437486315999997,0.012748235329022,0.00759432842818758,0.0026106889374811204,0.020606522434376592
294,74,106,13151,13217,1,1,False,0.01937190261602928,0.03466911468764966,0.04413328939366046,0.001026377772553294,0.007097187371422092,0.001128897748871191,0.012955459579560125,0.0044922094095875,0.0542804183633436
295,74,121,13151,13247,1,1,False,0.020150871813092386,0.02968596752383157,0.04873910750927468,0.0179803547852196,0.0060229881670272045,0.0019481463344223071,0.010637579267406605,0.004165686187790729,0.06164871056883589
296,74,125,13151,13255,1,1,False,0.019224077936965123,0.03180677427178402,0.02102872775507547,0.01016671399713659,0.001347731444202499,0.00034273274938549647,0.006007493411019471,0.0023671861300946784,0.025988731481231694
297,75,95,13153,13193,3,3,False,0.018999250960348102,0.016422347733867138,0.15607746763566707,0.025742286036267402,0.00915254186248031,0.11651396912703169,0.0029477968255146036,0.011546285986827998,0.002135352864056528
298,75,110,13153,13225,3,3,False,0.0798790144585741,0.0740212573710794,0.04685224620506262,0.06425008245853281,0.012457868737918001,0.022515354694077616,0.017042890766746255,0.007307194214734469,0.0005541507798769718
299,75,115,13153,13235,3,4,True,0.09359799343284148,0.021025527521133625,0.15052327030981047,0.0903780370059892,0.016672096236602,0.1705834040220808,0.02292560579977332,0.010757943589471297,0.26711405379530556
300,75,142,13153,13289,3,3,False,0.18674787193494535,0.15793831023473792,0.09755864181717444,0.07959628008307851,0.03433128386091949,0.0724103317737742,0.03807869203215697,0.0018648146578036928,0.006630670736117561
301,76,136,13155,13277,2,2,False,0.02497289238678818,0.05449597140508061,0.03641894127346673,0.0002421502903382916,0.004130107130855699,0.020893536302877,0.004690354728671187,0.004147774246630986,0.09033367526516645
302,76,141,13155,13287,2,2,False,0.0026068795132793143,0.027596332985416805,0.007574304913169516,0.0135668891928689,0.0034310246335563024,0.047052599034077804,0.021210115403197616,0.011030684040915117,0.06666421698510672
303,77,96,13157,13195,1,1,False,0.006103904685839767,0.004946342330138687,0.002782712926119091,0.016629720803315304,0.011890621634157605,0.0122223871341154,0.0104244125523546,0.002246403158398802,0.006593307285369998
304,77,107,13157,13219,1,1,False,0.006009374713436544,0.0017839589527999244,0.04434043862161896,0.030542463793062205,0.018999192141511106,0.014120072453045099,0.006311448780355389,0.0006585421226054655,0.05726940926771951
305,78,83,13159,13169,1,5,True,0.02140240954444783,0.058972146067057585,0.8324688726144844,0.0202552533314532,0.013176523287865408,0.03536966732331159,0.023039423212902005,0.0047416399608634086,0.3596062568875181
306,78,101,13159,13207,1,1,False,0.0589555463878485,0.08639537797063501,0.03762171924002966,0.011580492737784692,0.0006502168958153892,0.0020007797115951936,0.007897739394813419,0.006638882646663402,0.0481252098125714
307,78,103,13159,13211,1,1,False,0.01493270327946783,0.014690172590288486,0.03124720504272782,0.005263822854043809,0.0022186651697718995,0.0005933581499797946,0.016555665647396023,0.0039472214146731854,0.040785279608476416
308,78,106,13159,13217,1,1,False,0.002347980286409923,0.011563011183556848,0.01900939994303752,0.031024110427447016,0.0196560297898965,0.0037209794035594074,0.015586403873522225,0.0016356240608911832,0.025223482483340914
309,78,116,13159,13237,1,5,True,0.023459406406122096,0.007738495552107816,0.7600826430980414,0.012984116972804688,0.0171175251975091,0.018778060715447603,0.01002027235672237,0.002566299010063111,0.3585321540596943
310,79,102,13161,13209,4,4,False,0.06460415995246119,0.044391367842038454,0.03556724558995117,0.0472724974369445,0.024562502162853703,0.0197613357228849,0.01524476387970336,0.0017557950585787019,0.0010811518474508064
311,79,133,13161,13271,4,4,False,0.004522103191459986,0.011268550454968496,0.12510255142271076,0.02429672810730181,0.0013551821194605976,0.0219512107629857,0.030673605876614607,0.008013044136371605,0.005692593366723009
312,79,137,13161,13279,4,4,False,0.0630572244904187,0.03663637253875118,0.07420214059372743,0.0581617384072528,0.025113321580572903,0.0269062887578334,0.0015561551247159078,0.0028801521869236124,0.0009462302568004899
313,79,152,13161,13309,4,4,False,0.04896862847105729,0.04653683229289718,0.02519299283077281,0.019409206637349796,0.018814904201545704,0.008984886533598701,0.0293723719471658,0.006633719237515101,0.0034410077254232174
314,80,82,13163,13167,5,5,False,0.11960563567626004,0.12040719791311166,0.1611362604469314,0.06413492283263192,0.01921309306901721,0.037419250921348395,0.03954236261380861,0.0010455095632245781,0.0527124377176611
315,80,93,13163,13189,5,5,False,0.03903115837131643,0.07018044480971941,0.049328729206630506,0.014156010675985098,0.0028320668102986,0.07174619938334671,0.008436645304710999,0.002665255292786828,0.03718385662055268
316,80,120,13163,13245,5,5,False,0.014202995616856895,0.012746040892688382,0.07488154068810893,0.010235250072451074,0.002100329245270788,0.08653957248149781,0.019143126663932253,0.004520156706866563,0.07883894503729416
317,80,148,13163,13301,5,5,False,0.05720083212096605,0.07392308508855339,0.0030447342242974074,0.015551307040032186,0.0055512229393049894,0.004702010199534701,0.009216800983758378,0.005814623287710319,0.03909944245857244
318,80,149,13163,13303,5,5,False,0.013859094063583766,0.007648228447695415,0.198758066930147,0.012730914890266704,0.003262746374763509,0.041793349931040794,0.01247791542508786,0.006659330506832928,0.07537164436132326
319,81,123,13165,13251,4,4,False,0.044842737463405946,0.024187367522126968,0.02615874487293335,0.0035487905123924995,0.004628542889506204,0.004795342589057599,0.024498722452139576,0.006636833193782277,0.002384225991207495
320,82,86,13167,13175,5,4,True,0.11982963038687983,0.06367431480237778,0.36048204979807996,0.06733501067377369,0.021399530446682302,0.0468403104159279,0.026227823026772012,0.0035926097562732906,0.3198072874901894
321,82,139,13167,13283,5,4,True,0.16818410043431392,0.099899311985922,0.4419916481155288,0.0678514928318857,0.025644182769248708,0.039762996134328696,0.058807335512298387,0.006397917008831189,0.32422697613993967
322,82,149,13167,13303,5,5,False,0.1334647297398438,0.11275896946541625,0.037621806483215586,0.051404007942365215,0.0159503466942537,0.004374099009692399,0.05202027803889647,0.007704840070057506,0.022659206643662166
323,82,157,13167,13319,5,5,False,0.11703954073764156,0.09785344189931816,0.17854798061794547,0.049346025463101795,0.010647716424092388,0.041771299921781295,0.054559801530828594,0.017505890185220918,0.03035938820903583
324,83,101,13169,13207,5,1,True,0.03755313684340067,0.027423231903577427,0.8700905918545141,0.008674760593668507,0.013826740183680797,0.0333688876117164,0.015141683818088586,0.0018972426857999936,0.40773146670008953
325,83,116,13169,13237,5,5,False,0.04486181595056993,0.0667106416191654,0.072386229516443,0.007271136358648511,0.003941001909643693,0.01659160660786399,0.013019150856179634,0.00730793897092652,0.0010741028278238307
326,83,142,13169,13289,5,3,True,0.0982526869620286,0.14089787516547914,0.4985970965045804,0.044176110557072906,0.013798205387067608,0.3708266026307502,0.02095111798617752,0.0012404460605837109,0.012051648050750985
327,83,157,13169,13319,5,5,False,0.007443533077057141,0.05043972869113833,0.1001642733076088,0.03170048156738492,0.00012823210919268857,0.0503674579159068,0.0008236802521769948,0.005373974876692389,0.017999464124149323
328,84,101,13171,13207,1,1,False,0.013614363759721249,0.009460506174746253,0.014599694322547263,0.014232192303963609,0.010541079145301904,0.002491832770611588,0.006154302085870533,0.0008930071161276087,0.016917258404671384
329,84,113,13171,13231,1,1,False,0.008576938619168306,0.010414998165145128,0.016537674141577585,0.016877502673115496,0.013892799556431898,0.0042658223974178094,0.001358250286043694,0.0009789698097369959,0.017518550191246707
330,84,125,13171,13255,1,1,False,0.03632190988098527,0.04094300636950443,0.006068796356878514,0.019232074636684804,0.0142141896759988,0.004016091344028708,0.0016331118081144846,0.002308118284000016,0.009996800856008403
331,84,144,13171,13293,1,1,False,0.06998303290586338,0.08061725321489432,0.02400483413778698,0.00795074007762589,0.009133346603920109,2.965476763149011e-05,0.0072637585594134135,0.004947096766950765,0.029195894524434107
332,85,91,13173,13185,6,2,True,0.010212655049392394,0.019526521937322905,0.3969466962547827,0.001401562873203005,0.002600753376470099,0.03759421343299518,0.0005750960393614002,0.0004849968245214109,1.7042536540896118
333,86,139,13175,13283,4,4,False,0.048354470047434095,0.036224997183544216,0.08150959831744886,0.0005164821581120013,0.004244652322566406,0.0070773142815992,0.032579512485526374,0.00999052676510448,0.004419688649750286
334,86,142,13175,13289,4,3,True,0.14606001723954992,0.07106961022735514,0.14059720721905383,0.1042054071471875,0.018120809374514393,0.2318475343771342,0.05901282631924609,0.020527701366223727,0.3201155635243249
335,86,152,13175,13309,4,4,False,0.1512564650926264,0.0873968328974446,0.013964347777224884,0.0724013519499497,0.0320867829955403,0.010392598253264499,0.04879589877443219,0.008095771943538499,0.0029233195904057874
336,86,157,13175,13319,4,5,True,0.23686917112452138,0.16152775670169595,0.5390300304160255,0.11668103613687549,0.03204724687077469,0.0886116103377092,0.0807876245576006,0.013913280428947628,0.3501666756992252
337,87,128,13177,13261,4,4,False,0.06478554281228247,0.056289047839862605,0.011345693080733299,0.0559038472754231,0.013216531088865204,0.0028383367246786993,0.010228760610507925,0.008478580129226088,0.0031063771750179936
338,87,134,13177,13273,4,4,False,0.010018677928955777,0.006586548950618304,0.010312044688169403,0.0326890027289015,0.0013020834827033034,0.005187792194531398,0.004902279748310867,0.00875773850793149,0.0006285452337520536
339,87,158,13177,13321,4,2,True,0.04256508005889231,0.019843780873957884,0.36142966076909916,0.0586886591619375,0.010325890533259899,0.017291561254076597,0.008953045091659284,0.015248947495994702,0.2325741068661093
340,88,90,13179,13183,6,6,False,0.018897787211077294,0.013848884991153332,0.015026849424532987,0.0175210167012883,0.0101413706832778,0.008477243096532583,0.002351503287681578,0.0008848158060718037,0.004011874388339942
341,88,94,13179,13191,6,6,False,0.03253384509962559,0.02079885661863612,0.007624242439958712,0.020068854020327695,0.015479262573819,0.0164593943077454,0.012737580419483197,0.002770028253702983,0.0297828168104165
342,88,131,13179,13267,6,6,False,0.028547750250391413,0.014807981451378405,0.049909885910167984,0.001279719770689301,0.0091928943994029,0.007428923451362812,0.026575567398326505,0.009020773599711929,0.08115346377588495
343,89,93,13181,13189,5,5,False,0.011645817704687866,0.009532601880999914,0.006917289323268794,0.007174309380293398,0.009501970360862921,0.04334939029225218,0.030374355670311937,0.0006697491012329082,0.024901536320695583
344,89,156,13181,13317,5,5,False,0.0045206249104783325,0.008785619498605901,0.030878435425030992,0.007960488290770923,0.0067940349737765915,0.04153239190773589,0.004952108424741475,0.003381345661995605,0.051589005591872183
345,90,94,13183,13191,6,6,False,0.013636057888548297,0.006949971627482787,0.0226510918644917,0.0025478373190393963,0.005337891890541201,0.007982151211212818,0.010386077131801619,0.0036548440597747867,0.033794691198756444
346,90,131,13183,13267,6,6,False,0.047445537461468706,0.028656866442531737,0.034883036485635,0.0188007364719776,0.0193342650826807,0.015906166547895395,0.028927070686008083,0.008135957793640125,0.077141589387545
347,90,150,13183,13305,6,6,False,0.02469905305192771,0.015201587729672894,0.0498857239861296,0.021602060057496597,0.009730840643391199,0.020792508712520197,1.3383628986007867e-05,0.0018628073764582198,0.02000742496026442
348,92,143,13187,13291,1,1,False,0.0012960330838277523,0.0012854345965740421,0.00030083182359463834,0.0026728171949632964,0.0022627774855048036,0.0136153563790867,6.153644133222169e-05,0.0010194989394332055,0.0055718226463893905
349,92,153,13187,13311,1,1,False,0.0012555666701206114,4.909090296967289e-05,0.007127704239295651,0.0065431466938948996,0.004858626378708292,0.0081496872742169,0.005917272184454092,0.001510087592508591,0.007894037868800496
350,93,120,13189,13245,5,5,False,0.05323415398817333,0.05743440391703103,0.02555281148147842,0.003920760603534024,0.0007317375650278124,0.014793373098151097,0.010706481359221254,0.0071854119996533905,0.04165508841674148
351,93,148,13189,13301,5,5,False,0.018169673749649617,0.003742640278833975,0.0462839949823331,0.0013952963640470883,0.0027191561290063893,0.06704418918381201,0.017653446288469377,0.003149367994923491,0.07628329907912512
352,93,156,13189,13317,5,5,False,0.007125192794209534,0.018318221379605815,0.0239611461017622,0.01513479767106432,0.016296005334639513,0.001816998384516294,0.03532646409505341,0.002711596560762697,0.0266874692711766
353,94,150,13191,13305,6,6,False,0.011062995163379413,0.008251616102190107,0.0725368158506213,0.0190542227384572,0.004392948752849998,0.012810357501307379,0.010399460760787627,0.0055176514362330065,0.05380211615902086
354,95,110,13193,13225,3,3,False,0.0988782654189222,0.09044360510494653,0.2029297138407297,0.0385077964222654,0.02161041060039831,0.1390293238211093,0.01999068759226086,0.004239091772093528,0.001581202084179556
355,95,122,13193,13249,3,3,False,0.06033802198082866,0.03445591938160536,0.0650612020304715,0.006935544284882508,0.010584896343242792,0.0535753178563524,0.019469697065635005,0.004632222664736563,0.05650665716648301
356,95,128,13193,13261,3,4,True,0.1112468009964126,0.08642276613931699,0.2526635479821031,0.046927863093182004,0.02057490795491209,0.09014417328365659,0.028380853051193422,0.00044589545559470256,0.23614056845531373
357,95,132,13193,13269,3,3,False,0.08560729055086491,0.0913388498296493,0.1194669795421632,0.0467757183199175,0.010714130447209105,0.002077126485229397,0.018732942704434097,0.0010867328828443323,0.0467805260956885
358,96,108,13195,13221,1,1,False,0.004736808158856687,0.00012930110277087348,0.037801065622691254,0.027518345402663194,0.01911262838158359,0.004587913588437895,0.001347457600104185,0.00016589159296320766,0.04987845010901654
359,97,122,13197,13249,3,3,False,0.04427721527549139,0.046760226877867794,0.03368460570982479,0.028215496531439108,0.0045913288174928985,0.0335661948955427,0.0042829692314048096,0.00041988294790973324,0.0434920400163325
360,97,127,13197,13259,3,4,True,0.08932373239669222,0.07689026435636842,0.245584873323523,0.024956052912591606,0.014778430579107903,0.0783675322684741,0.029609341103106424,0.005587399231441692,0.1362514923497204
361,97,128,13197,13261,3,4,True,0.09518599429107533,0.09872707363557942,0.2212869516614564,0.0682078153397386,0.014581340429162197,0.07013505032284689,0.013194125216963226,0.0054980010682409985,0.13614187127249822
362,97,129,13197,13263,3,3,False,0.1476798338000173,0.13404851411132807,0.016340939071905702,0.02981205152851779,0.016515918101502006,0.055108748552548194,0.039574465828106475,0.008806501735874217,0.03270397517323198
363,97,132,13197,13269,3,3,False,0.10166809725620218,0.07903454233338686,0.0880903832215165,0.025495766073360904,0.016707697972959,0.022086249446039097,0.03391967053866429,0.006138838495490628,0.146779223278504
364,97,151,13197,13307,3,4,True,0.1093953172116453,0.10916960875102932,0.2397353431783246,0.0510790442571992,0.017154064049952303,0.0749149846017031,0.024798110294755704,0.000823759231679988,0.13541797107878023
365,98,113,13199,13231,1,1,False,0.020267396608827815,0.02673521962578651,0.003859446554518864,0.021013272314478693,0.01675148770551041,0.0261165727872835,0.0003582353907605751,0.002072368851426587,0.006177804726101799
366,98,125,13199,13255,1,1,False,0.06516624510898139,0.07809322416043607,0.026465917052974963,0.018658700350909385,0.016430097585943507,0.0263663038406726,0.0026331267033976036,0.005359456945163599,0.02133754632115331
367,98,129,13199,13263,1,3,True,0.09236894693152398,0.09487175565723838,0.7078439552139713,0.01385962705641669,0.00825242605620971,0.1507588117546535,0.015293868050730575,0.005055562118896295,0.3478770769093972
368,98,140,13199,13285,1,1,False,0.004643491470811334,0.010510184356965158,0.001468917432692951,0.025343970717667502,0.016332261827925798,0.028572313116581496,0.0031822497709679265,0.001147092824992313,0.013299995331970904
369,98,144,13199,13293,1,1,False,0.041138697677867264,0.043467035423962685,0.00360771344169053,0.0299400349099683,0.0215109406580222,0.0304120499523328,0.006263743664130295,0.001895758105787182,0.0178551490592892
370,99,124,13201,13253,4,4,False,0.012042782772577088,0.014456803912801894,0.004881547162778291,0.010187449435295898,0.003708505014156701,0.0007097445294373048,0.0024858465461201074,0.002209609124683376,0.0005752709367894959
371,100,135,13205,13275,2,2,False,0.018116555676286186,0.005822268954905008,0.0709646831895498,0.02482624442494359,0.005602039382935003,0.008369334337299902,0.01128369131647361,0.011666118809532278,0.5703835142562317
372,100,158,13205,13321,2,2,False,0.017386612081689512,0.03409987575487841,0.07638486990357918,0.011980805915089598,0.005960590176588499,0.029438925352776597,0.005966045767940298,0.005164714438065154,0.3217877751264492
373,101,144,13207,13293,1,1,False,0.08359739666558463,0.09007775938964058,0.03860452846033424,0.0221829323815895,0.019674425749222013,0.0024621780029800977,0.013418060645283947,0.005840103883078374,0.04611315292910549
374,102,137,13209,13279,4,4,False,0.0015469354620424869,0.007754995303287271,0.03863489500377626,0.010889240970308299,0.0005508194177192005,0.0071449530349485,0.013688608754987452,0.004635947245502314,0.0020273821042512963
375,102,139,13209,13283,4,4,False,0.08726646356378842,0.05331730016475911,0.0067850121195,0.044021578992243,0.022094532711665893,0.006693463345577501,0.030343994356368253,0.0029831693573704188,0.0008634868186279121
376,102,152,13209,13309,4,4,False,0.015635531481403897,0.002145464450858725,0.06076023842072398,0.027863290799594702,0.005747597961307999,0.010776449189286198,0.014127608067462438,0.004877924178936399,0.002359855877972411
377,103,106,13211,13217,1,1,False,0.012584722993057906,0.0031271614067316378,0.012237805099690302,0.025760287573403207,0.0174373646201246,0.0031276212535796127,0.0009692617738737974,0.0023115973537820023,0.015561797125135501
378,103,107,13211,13219,1,1,False,0.003496080022596826,6.265595800380996e-05,0.040806831528096055,0.023611084965423898,0.014849422950232491,0.0024087399043290075,0.01902181127356878,0.002774397333926537,0.0539430184914339
379,103,116,13211,13237,1,5,True,0.008526703126654267,0.00695167703818067,0.7288354380553136,0.018247939826848497,0.019336190367281,0.019371418865427398,0.026575938004118393,0.0013809224046100743,0.31774687445121785
380,103,146,13211,13297,1,1,False,0.005520339916179506,0.00041081959418465264,0.022838969287325317,0.0400458995542128,0.025483107169360295,0.005111403040701401,0.00535357345012899,0.00017280130637192803,0.02992765206864051
381,104,154,13213,13313,1,1,False,0.002928181954708009,0.0006903099733428508,0.011276716455790536,0.0024271902933817036,0.0032286781827834954,0.002703346140959198,0.00345322078760979,0.0010598825127272615,0.004413630198908003
382,105,129,13215,13263,3,3,False,0.106820988067304,0.08467291371523727,0.0421777617731077,0.019964498293419397,0.01791414195065441,0.030581874755328996,0.03921253600028379,0.005576138459327196,0.0621465854667137
383,106,121,13217,13247,1,1,False,0.0007789691970631063,0.004983147163818091,0.004605818115614224,0.019006732557772896,0.013120175538449297,0.003077044083293498,0.0023178803121535196,0.0003265232217967706,0.007368292205492288
384,106,146,13217,13297,1,1,False,0.0070643830768784,0.0035379810009162904,0.03507677438701562,0.01428561198080959,0.008045742549235693,0.0019837817871217883,0.006322835224002787,0.0024843986601539303,0.04548944919377601
385,107,108,13219,13221,1,1,False,0.00483133813125991,0.0068596023857094846,0.009322085925046797,0.013605602412916293,0.01200405787423009,0.0026902282695081964,0.005460421372103397,0.00273905368804106,0.013984266444072968
386,107,146,13219,13297,1,1,False,0.0020242598935826805,0.0004734755521884626,0.017967862240770738,0.0164348145887889,0.010633684219127804,0.0027026631363723935,0.013668237823439788,0.002601596027554609,0.024015366422793394
387,108,130,13221,13265,1,5,True,0.01986975115863887,0.007761759467584062,0.32704865303056335,0.028634890503423494,0.023520717984900907,0.0209502899717217,0.03853918735948769,5.19849853529708e-05,0.2549477421627781
388,108,156,13221,13317,1,5,True,0.0009791672313906874,0.006127366801652379,0.2858766526412597,0.017634187545070595,0.013470223763416306,0.054525227959635506,0.006120453441362805,0.0022551912476350133,0.17532494319161113
389,109,114,13223,13233,1,1,False,0.00339491777410339,0.008367847754782498,0.005800548326810873,0.008128206968725099,0.007272235547840802,0.0236486189693791,0.004487265481171676,0.0009009111636724687,0.004433819754323998
390,110,132,13225,13269,3,3,False,0.013270974868057284,0.0008952447247027595,0.3223966933828929,0.008267921897652103,0.010896280153189206,0.1369521973358799,0.0012577448878267616,0.003152358889249196,0.045199324011508946
391,112,147,13229,13299,6,6,False,0.030461058221764814,0.03833206843214487,0.1906237636921098,0.0155993150922389,0.006373663720874098,0.052698577044801714,0.0020988143808098325,0.0011782211563332035,0.002285004626438991
392,112,150,13229,13305,6,6,False,0.01720069719409148,0.014700052927834717,0.2275207132069298,0.016462590521179397,0.008859372876948803,0.09609442809790081,0.011216692678124252,0.0045734191382200695,0.13715924484196712
393,113,125,13231,13255,1,1,False,0.044898848500153576,0.05135800453464956,0.0226064704984561,0.0023545719635693074,0.0003213901195669028,0.00024973105338910173,0.0029913620941581787,0.0032870880937370117,0.02751535104725511
394,113,144,13231,13293,1,1,False,0.06140609428669508,0.0702022550497492,0.007467159996209394,0.008926762595489607,0.004759452952511789,0.0042954771650492996,0.0059055082733697195,0.003968126957213769,0.0116773443331874
395,115,155,13235,13315,4,4,False,0.06576365034043172,0.03922353474317408,0.08772727921098941,0.042593571210844,0.017043039959861707,0.0006582938897855,0.016072662285725903,0.005874625063641725,0.011976401890369415
396,117,119,13239,13243,4,4,False,0.01845202190557771,0.0176298119199505,0.003449559609242099,0.021038783405967598,0.0019608844076381,0.002665872168170498,0.007274671694293466,0.00450029551948844,0.0008216770272524987
397,117,127,13239,13259,4,4,False,0.04922468363683388,0.048539502564734105,0.009265693652229498,0.0240177914643415,0.008385750287550599,0.0007192413161613981,0.01125295215840788,0.00090410810577779,0.001248465716714664
398,118,138,13241,13281,1,1,False,0.002850560049574735,0.0020790075271263087,0.006830043796295371,0.009333251056422492,0.007253337298353202,0.0180699614099637,0.007889437558842027,0.0013896823719871665,0.012286765769229602
399,119,127,13243,13259,4,4,False,0.06767670554241159,0.0661693144846846,0.005816134042987399,0.0450565748703091,0.010346634695188699,0.0019466308520091,0.003978280464114414,0.00540440362526623,0.0020701427439671627
400,119,134,13243,13273,4,4,False,0.007047578764701801,0.005369993683770696,0.0084563179361513,0.0214100321033595,0.0013707227610274958,0.003936395623765403,0.005262455991438819,0.005401838295711059,0.0005173102745209546
401,119,151,13243,13307,4,4,False,0.04760512072745851,0.0338899700900237,0.0116656641881858,0.0189335835257015,0.007971001224344298,0.0015059168147618998,0.008789511272465134,0.0006407636255045257,0.0012366214730269998
402,121,146,13247,13297,1,1,False,0.006285413879815294,0.008521128164734382,0.030470956271401395,0.004721120576963306,0.005074432989213604,0.0010932622961717098,0.008640715536156307,0.002810921881950701,0.03812115698828372
403,122,128,13249,13261,3,4,True,0.05090877901558394,0.05196684675771163,0.1876023459516316,0.039992318808299496,0.009990011611669299,0.036568855427304196,0.008911155985558417,0.005078118120331265,0.17963391128883072
404,122,132,13249,13269,3,3,False,0.14594531253169357,0.12579476921125465,0.054405777511691705,0.05371126260480001,0.021299026790451897,0.0556524443415818,0.0382026397700691,0.005718955547580895,0.10328718326217151
405,127,151,13259,13307,4,4,False,0.02007158481495308,0.0322793443946609,0.0058495301451984005,0.026122991344607598,0.0023756334708444,0.0034525476667709998,0.004811230808350719,0.004763639999761704,0.0008335212709401629
406,128,134,13261,13273,4,4,False,0.05476686488332669,0.0497024988892443,0.021657737768902702,0.0232148445465216,0.0119144476061619,0.0023494554698526987,0.015131040358818793,0.00027915837870540194,0.00247783194126594
407,128,151,13261,13307,4,4,False,0.014209322920569978,0.010442535115449902,0.018448391516868202,0.0171287710825394,0.002572723620790106,0.004779934278856202,0.011603985077792478,0.0063217602999209865,0.0007239001937179856
408,129,132,13263,13269,3,3,False,0.04601173654381513,0.055013971777941206,0.07174944414961079,0.0043162854551568874,0.00019177987145699293,0.0330224991065091,0.005654795289442183,0.0026676632403835887,0.11407524810527203
409,129,144,13263,13293,3,1,True,0.05123024925365671,0.05140472023327569,0.7114516686556618,0.01608040785355161,0.013258514601812488,0.1811708617069863,0.00903012438660028,0.003159804013109113,0.3657322259686864
410,130,148,13265,13301,5,5,False,0.004445948153829593,0.012941188434840156,0.01884915150873273,0.005529391076758511,0.0089646672421613,0.0066143303630289,0.0205611764653979,0.00186940479882719,0.030026969163218453
411,130,156,13265,13317,5,5,False,0.02084891839002956,0.0016343926659316832,0.04117200038930363,0.011000702958352898,0.010050494221484602,0.0754755179313572,0.03241873391812489,0.002307176232987984,0.07962279897116697
412,131,137,13267,13279,6,4,True,0.0196149990724771,0.012190320489540885,0.8195385006116886,0.0015052087520909998,0.004821447663151304,0.3139938200036916,0.01642702349909192,0.004703029362036759,0.37728496723435484
413,131,150,13267,13305,6,6,False,0.07214459051339642,0.04385845417220463,0.015002687500494605,0.0404027965294742,0.029065105726071898,0.03669867526041559,0.028913687057022075,0.006273150417181905,0.05713416442728059
414,132,144,13269,13293,3,1,True,0.09724198579747184,0.1064186920112169,0.7832011128052726,0.020396693308708497,0.013066734730355495,0.1481483626004772,0.014684919676042463,0.005827467253492702,0.4798074740739584
415,133,152,13271,13309,4,4,False,0.044446525279597304,0.03526828183792868,0.09990955859193795,0.043705934744651606,0.017459722082085107,0.030936097296584402,0.0013012339294488084,0.0013793248988565043,0.0022515856412997914
416,133,155,13271,13315,4,4,False,0.0043465080964449065,0.024452647536317207,0.3904611877423151,0.007744805541877106,0.00037910560524340164,0.051816603078784204,0.029430531046573283,0.012476394415596392,0.0590189748323772
417,134,151,13273,13307,4,4,False,0.04055754196275671,0.0392599637737944,0.0032093462520344992,0.040343615629061,0.009341723985371794,0.002430478809003503,0.0035270552810263145,0.006042601921215585,0.0017539317475479543
418,136,141,13277,13287,2,2,False,0.027579771900067496,0.026899638419663807,0.028844636360297216,0.013809039483207192,0.007561131764412001,0.026159062731200805,0.01651976067452643,0.006882909794284131,0.15699789225027316
419,136,158,13277,13321,2,2,False,0.00485457480704321,0.023138154112961995,0.013009421454734604,0.012566593841664392,0.0012109843777271985,0.0338996171991744,0.010515745356371398,0.008420224517079133,0.0015410988507995604
420,137,139,13279,13283,4,4,False,0.08881339902583091,0.06107229546804638,0.03184988288427626,0.0331323380219347,0.021543713293946692,0.0004514896893709989,0.044032603111355706,0.007619116602872733,0.0028908689228792084
421,138,143,13281,13291,1,1,False,0.0007872381050955113,8.554527912452148e-05,0.004482840958364265,0.00411793601286,0.002870483604401404,0.0040807975609511,0.004141616541403603,0.0013621406690542126,0.004501786325708024
422,138,153,13281,13311,1,1,False,0.0017643616488528524,0.0011507984144798478,0.002945695104526025,0.005098027875998196,0.004250920259811691,0.0176842460923525,0.0018371920843827105,0.000871552015978827,0.008964074189481863
423,139,152,13283,13309,4,4,False,0.10290199504519232,0.05117183571390038,0.06754525054022398,0.0718848697918377,0.02784213067297389,0.0174699125348637,0.016216386288905815,0.0018947548215659804,0.001496369059344499
424,141,155,13287,13315,2,4,True,0.04580068434755158,0.0686910877900711,0.2214475594064274,0.0015640296358992029,0.010782619100914596,0.0766618142300129,0.005508172175220982,0.002468116836330525,0.09708542122721958
425,141,158,13287,13321,2,2,False,0.032434346707110706,0.0500377925326258,0.04185405781503182,0.0012424456415427998,0.0087721161421392,0.060058679930375204,0.0060040153181550315,0.0015373147227950024,0.1554567933994736
426,142,157,13289,13319,3,5,True,0.09080915388497146,0.0904581464743408,0.3984328231969716,0.012475628989687987,0.013926437496260297,0.3204591447148434,0.021774798238354515,0.0066144209372761,0.030051112174900307
427,143,153,13291,13311,1,1,False,0.0025515997539483637,0.0012363436936043692,0.00742853606289029,0.009215963888858196,0.007121403864213095,0.0217650436533036,0.005978808625786314,0.0004905886530753856,0.013465860515189887
428,145,154,13295,13313,1,1,False,0.003244923180221071,0.005220353469099326,0.024928477582793263,0.003916625953004703,0.0053375046560387995,0.016632969623803503,0.0050160384039548145,0.0019592676822111077,0.004946090472075171
429,148,156,13301,13317,5,5,False,0.02529486654385915,0.01457558110077184,0.0223228488805709,0.01653009403511141,0.019015161463645902,0.0688611875683283,0.05297991038352279,0.0004377714341607941,0.04959582980794852
430,149,157,13303,13319,5,5,False,0.016425189002202245,0.014905527566098087,0.1409261741347299,0.0020579824792634205,0.005302630270161313,0.046145398931473694,0.002539523491932122,0.009801050115163412,0.007700181565373665
