AreaKey,initial_regime,final_regime_lambda05,changed_from_initial,final_boundary_county,gwr_fitted_z,gwr_residual_z,mgwr_fitted_z,mgwr_residual_z,grgwr_fitted_z,grgwr_residual_z,gwr_Intercept,mgwr_Intercept,grgwr_Intercept,gwr_PctFB,mgwr_PctFB,grgwr_PctFB,gwr_PctBlack,mgwr_PctBlack,grgwr_PctBlack,gwr_PctRural,mgwr_PctRural,grgwr_PctRural,abs_resid_improvement_gr_vs_gwr,abs_resid_improvement_gr_vs_mgwr
13001,6,6,False,True,-0.4323653038178024,-0.051368938931266706,-0.3637625481232107,-0.1199716946258584,-0.5795872562647302,0.09585301351566106,-0.23368944157763988,-0.1972485126659758,-0.38002844217128545,0.22759084017544634,0.2945563703880169,0.0005587687583025192,0.05840648303496879,-0.0452779406159622,0.26831123691205094,-0.4267259297329667,-0.3312434874416379,-0.48158136028300486,-0.04448407458439435,0.02411868111019734
13003,6,6,False,True,-0.6772791439851273,-0.12340734298276856,-0.5286270579213066,-0.2720594290465893,-0.812866873291558,0.01218038632366214,-0.2794537804109452,-0.2533938093747115,-0.4634722562279948,0.16512073506786137,0.2280226838218059,0.196586194832861,0.09541378134300037,-0.026660170446639,0.13666159637083308,-0.41221177635617107,-0.3253123213265224,-0.37757082528050745,0.11122695665910642,0.25987904272292717
13005,6,6,False,True,-0.30950843562779695,-0.45596113531578497,-0.2856466371676082,-0.4798229337759737,-0.5261969280367602,-0.2392726429068217,-0.2500545071516397,-0.2197766110257747,-0.4625444590473802,0.2047839017894346,0.2795719346534039,0.03935643383863442,0.07240988220616579,-0.0373362504949525,0.20931740561928724,-0.4258329865258647,-0.3302903905682626,-0.34558995038108736,0.21668849240896326,0.24055029086915197
13007,2,4,True,True,-0.6804380965799327,0.4080053499767484,-0.642652700917133,0.3702199543139487,-0.4820000462371318,0.2095672996339475,-0.23170437506841593,-0.1676819507481163,-0.1658013214024847,0.1509126730539193,0.1453811978386111,-0.053765444589666915,0.05150381747543098,-0.0270466571187385,-0.03248640573407032,-0.35860163718089133,-0.2868239634327771,-0.2855682080382416,0.19843805034280093,0.16065265468000123
13009,5,5,False,False,0.4639423041147315,-0.04964518824379066,0.5094799079916734,-0.0951827921207326,0.49388514845083625,-0.07958803257989544,0.19578528665386027,0.1653557893936095,0.00493052335811129,0.7244111580145961,0.6790529996000224,0.0157405638214832,-0.17140523816429779,-0.1401095796464986,-0.09128727609566474,-0.23674882503445668,-0.2956142818208659,-0.5545824719341215,-0.02994284433610478,0.015594759540837166
13011,1,1,False,False,-0.5160007233173125,-0.2846857636505834,-0.4688605583740934,-0.3318259285938024,-0.48708457825819645,-0.31360190870969945,0.16334855550346966,0.2222077055824378,0.26338491967852934,0.7217709636894236,0.7175453458945272,0.7046287581535227,-0.0840183324839603,-0.0769413325310379,-0.045075581945198256,-0.3006812924793522,-0.3049109170283307,-0.3264121012577454,-0.02891614505911605,0.018224019884102938
13013,1,1,False,False,0.1895025687554484,-0.497152231382947,0.2535797921795251,-0.5612294548070237,0.27237759426634234,-0.5800272568938409,0.16619520653621048,0.2389516980567272,0.2596235774743625,0.7171599410314891,0.7206158417462547,0.7194363242945951,-0.09226358984246419,-0.0821494924247355,-0.07849197506694305,-0.2964083107302308,-0.3023370687166224,-0.3085884145957898,-0.08287502551089393,-0.01879780208681725
13015,1,1,False,False,-0.05656461308496033,-0.2863019655668523,-0.0578976216250734,-0.2849689570267392,-0.1235165189261554,-0.2193500597256572,0.12377502026607536,0.1279380164396996,0.1120140690127418,0.717821109593202,0.706177867569377,0.786563475262889,-0.04810793763137173,-0.0454235599946651,-0.012417909177948272,-0.26691356603404814,-0.2971477510315251,-0.26898012431474255,0.06695190584119509,0.065618897301082
13017,2,2,False,True,-0.0664495836338875,-0.5229354071881238,-0.1495703978408376,-0.4398145929811737,-0.4468038139107578,-0.14258117691125355,-0.27090331098904696,-0.2226390633701609,-0.5101678284634705,0.2104237511191391,0.2881313709055009,0.3919094424430158,0.0980398023856015,-0.0407371949436856,-0.020434746837333262,-0.3717258890994305,-0.3142250452560579,-0.3761598568521983,0.38035423027687026,0.29723341606992015
13019,2,2,False,True,-0.3127948633599473,-0.2941985854742211,-0.1729723837535506,-0.4340210650806178,-0.5264097270956026,-0.08058372173856576,-0.28754463634269634,-0.2514647721398071,-0.674335270401204,0.15221990716974493,0.1921330328918004,0.3097569809234225,0.09941967859830375,-0.0246208693739757,-0.0032763192850306377,-0.39354432386667315,-0.3183592493272114,-0.8833933384262298,0.21361486373565536,0.353437343342052
13021,5,3,True,True,0.5206150233567695,0.5451950389639821,0.5463220787914352,0.5194879835293164,0.9846259671848159,0.08118409513593572,0.15684504418868078,0.1014522479448807,-0.24968377424386318,0.5988671708019963,0.5484275547477853,0.4862871299235455,-0.16104662451406146,-0.1173104505902276,0.2463583976184135,-0.2653064085397653,-0.2863498097245532,-0.5291172845924453,0.4640109438280464,0.43830388839338064
13023,3,4,True,True,-0.08104035062760272,-0.032916273866168036,-0.0295281382351186,-0.0844284862586521,-0.08810887882925374,-0.025847745664517016,-0.06824174782632193,-0.0337400020953899,0.005760428100181014,0.41518351828795136,0.3971971827590944,0.470911044652769,-0.028273706420168934,-0.0926165142487303,0.02301497174237016,-0.3177618978543565,-0.2983000359017839,-0.2210456855671679,0.00706852820165102,0.05858074059413508
13025,6,6,False,False,-0.9514982186875783,0.04516098364674004,-0.7223071532652139,-0.1840300817756244,-1.2333851089912073,0.32704787395036905,-0.24701845237933134,-0.2131732746778178,-0.1847805317618698,0.1818171731486824,0.2615686502658101,0.098321853347484,0.06598017540018636,-0.02684145928486,0.23932212897428448,-0.4524239708390323,-0.3392029522640548,-0.6065927634590298,-0.281886890303629,-0.14301779217474464
13027,2,2,False,False,-0.08408011563445786,-0.24117800500519773,-0.138998282283514,-0.1862598383561415,-0.5516131660404351,0.2263550454007795,-0.29751124391734685,-0.2497448207443982,-0.9549044426208156,0.1258162392525566,0.140689817674943,0.08219528694463911,0.10242289331769876,-0.0177799949134496,0.058203290595274446,-0.3894211807516313,-0.3149756042149995,-1.8524832932613398,0.014822959604418234,-0.04009520704463801
13029,6,4,True,True,-0.48253456183414956,0.6327048075227346,-0.3908175862827053,0.5409878319712904,-0.32559670857906187,0.4757669542676469,-0.16347540263919397,-0.1286212495140812,0.19390263951495823,0.275181552269614,0.3240477458653193,0.8237772747822665,-0.005541733341372379,-0.0679254251553334,-0.013134672120318033,-0.44326670456023,-0.3429060013824018,-0.1911079380493032,0.1569378532550877,0.06522087770364349
13031,4,4,False,False,0.02088847005278395,1.555566874620522,0.0255140869898576,1.5509412576834485,0.2517219188416922,1.324733425831614,-0.09590148915762564,-0.0781746906165465,0.1820144250172863,0.36946169181463073,0.3784873202655424,0.8033318403836252,-0.050253876179986584,-0.0946040613550574,-0.00965235015706667,-0.4023163300017602,-0.3364977055168333,-0.19384753243797823,0.2308334487889081,0.22620783185183457
13033,5,4,True,True,-0.4885481254290019,0.25133229485013153,-0.4664569978232137,0.2292411672443433,-0.304928044659881,0.06771221408101066,0.08036168097272524,0.0658496638086999,0.17156160190509567,0.5904169718961528,0.555701070921288,0.7851680412129446,-0.14599050385516632,-0.1332431557264398,-0.010027462529437009,-0.30694447916526285,-0.3246505952591078,-0.1967984188295153,0.18362008076912087,0.16152895316333263
13035,5,1,True,False,-0.13563282996863546,-0.5241859929020041,-0.1031625062778189,-0.5566563165928207,-0.11341419344763326,-0.5464046294230063,0.19275955903759479,0.2070789820589492,0.2268843057549237,0.6802794792121625,0.6704203491663642,0.845104058837939,-0.14891783917114182,-0.1106983353053382,-0.08773849640599829,-0.26801635903655685,-0.2929783023968311,-0.1461488175837582,-0.0222186365210022,0.010251687169814394
13037,4,4,False,False,-0.6953639498883949,0.5461904093703098,-0.6442149122578977,0.4950413717398126,-0.4987955713931387,0.3496220308750536,-0.17700944672192237,-0.1392548775249163,-0.1645954883846397,0.17570883378741403,0.1624490768172269,-0.05358887721229775,0.015641672583003204,-0.03361903021899,-0.036211641523526114,-0.3621547353105097,-0.2789540464982681,-0.28374013353515515,0.1965683784952562,0.145419340864759
13039,6,6,False,False,0.2621619613695881,0.18735207052566671,0.2997058783448073,0.1498081535504474,0.3615508174322566,0.08796321446299821,-0.2468972654588301,-0.2107941895533675,-0.12719796371680678,0.17140395919688256,0.2534863575563253,0.03128921424205908,0.06496498057911174,-0.0233451606091058,0.24705796833973911,-0.4632093293881358,-0.3432794133025369,-0.6622885256593974,0.0993888560626685,0.0618449390874492
13043,4,4,False,True,0.09765073069361922,-0.28204118723601823,0.0669901425750085,-0.2513805991174076,0.1896632183374547,-0.37405367487985375,-0.10189756249014191,-0.0819862006694944,0.1667064801493875,0.3760115752013668,0.3807989623248203,0.7749354991189559,-0.04264929450551047,-0.095651238174906,-0.003491473018256905,-0.389213461613004,-0.330855355685871,-0.1961511897648169,-0.09201248764383552,-0.12267307576244613
13045,1,1,False,False,0.017106083694849478,0.16828107801804953,0.0130871389620515,0.1723000227508474,-0.01925642028974678,0.2046435820026458,0.11404881321947982,0.1099824970909082,0.16061181300744784,0.6756206747048609,0.6526877690622616,0.8631676313369295,-0.05953497454393927,-0.049298361377051,-0.010086622463198358,-0.26015411610696826,-0.2901563491935278,-0.1622398819905926,-0.036362503984596256,-0.03234355925179838
13047,1,1,False,False,-2.3919231934038665e-05,-0.5013187815292921,0.0310696546979661,-0.5324123554591923,-0.13291125162909345,-0.36843144913213266,0.11906268155347473,0.1079943687856336,0.13080516835200406,0.7247058160463649,0.708125490281933,0.7687976668013274,-0.037105991784508074,-0.0357287081598434,0.037596982279722746,-0.2642666729593297,-0.299122796905497,-0.26026272903331227,0.13288733239715944,0.16398090632705964
13049,6,6,False,False,-0.8495783932660541,0.048891906298158205,-0.7429989489730764,-0.0576875379948195,-1.0065600951714182,0.2058736082035223,-0.26194159486070145,-0.2373873757310605,-0.2147451426270902,0.15804494678588657,0.231054425436301,0.31467381841193376,0.07774089067136197,-0.0211055237336665,0.1837409990490475,-0.44833019031921656,-0.337632287965466,-0.54951894423623,-0.1569817019053641,-0.14818607020870278
13051,6,4,True,False,1.1271062709410626,0.22043911957420215,0.9211440932627742,0.4264012972524905,1.2779813439159526,0.06956404659931215,-0.15368850020630184,-0.1181402378790151,0.20482835565571078,0.27521873920986906,0.3280054236118791,0.844247149668401,-0.015027461398445649,-0.0690771437690065,-0.01961851161731301,-0.450294130925589,-0.3474682692779087,-0.18916538856455814,0.15087507297489,0.35683725065317834
13053,3,3,False,True,2.260020402490331,-0.6307396837805539,2.047326346455912,-0.4180456277461346,1.5895705844970671,0.03971013421271019,0.03015779162633806,-0.0192537526747426,-0.2454002898528081,0.3365746870994685,0.3324077279086628,0.22440713742867316,-0.0930383399301933,-0.061228087559413,0.041449302541834376,-0.3429840870605495,-0.27084316235112,-0.38510881072526393,0.5910295495678437,0.3783354935334244
13055,1,1,False,False,-0.5093040051041716,-0.3794247719245095,-0.5238669043450042,-0.364861872683677,-0.6469198591028225,-0.24180891792585868,0.11304424125514118,0.0969602983314844,0.10754258050732535,0.7160186191060992,0.6982343735913943,0.8027119984919542,-0.03722367009287325,-0.0339685002701725,0.02140920825393955,-0.2597570454459604,-0.2959966095537716,-0.2475014157044481,0.13761585399865084,0.1230529547578183
13057,1,1,False,False,0.6021749964819287,0.7101534780090215,0.6264972990254487,0.6858311754655015,0.602518617679253,0.7098098568116973,0.13565190186401965,0.1569169636227464,0.18129986188984804,0.7219935262279034,0.7080354589817727,0.7471049362555386,-0.05639619271953389,-0.0542984136738719,-0.01494466915105247,-0.27498611357541886,-0.2992725996232001,-0.2903691479156725,0.0003436211973242287,-0.02397868134619574
13059,1,1,False,False,2.7309628555633605,1.9445810992495867,2.8167722737276915,1.858771681085256,2.8217762135566593,1.8537677412562878,0.18700356437987364,0.2686121791538992,0.2616730605487662,0.713997446371854,0.719822507601397,0.731420525747711,-0.11437423261899317,-0.0964938824843764,-0.0845435905128811,-0.30923490060532044,-0.3039017035604565,-0.29430620452557976,0.09081335799329882,0.005003939828968074
13061,4,4,False,False,-0.663281866500244,0.7078013641158865,-0.5900250157986189,0.6345445134142613,-0.519373199553131,0.5638926971687734,-0.14114828404272386,-0.122985152522569,-0.16274349269524213,0.18025501200945585,0.173851310778587,-0.05733626134794212,-0.009268107705918382,-0.0362365989686075,-0.039621225479755814,-0.3665826466173528,-0.2728342757206856,-0.2826602242821902,0.14390866694711302,0.07065181624548789
13063,1,1,False,False,2.5741308846455477,-1.9133153566044085,2.6575351796611657,-1.9967196516200263,2.7186457822254404,-2.057830254184301,0.15141511448580644,0.1966706023429525,0.20386242661904752,0.6904639690327001,0.6880183221554687,0.8485673892670329,-0.09578917255072862,-0.0768265044836313,-0.07915328388108478,-0.27383412836286586,-0.2936321161967755,-0.1497892825116548,-0.14451489757989266,-0.06111060256427492
13065,6,6,False,False,-0.21773085907476702,-0.5301302538566577,-0.2750660636363963,-0.4727950492950284,-0.4187898079607602,-0.32907130497066456,-0.28233796806688455,-0.2559108418111387,-0.3494857845351847,0.14177241803892202,0.1937886910526864,0.3311636377329027,0.0944938755112769,-0.0175797857743696,0.1532771473799419,-0.4260652980245124,-0.3296492612070583,-0.48056689545100995,0.20105894888599313,0.14372374432436386
13067,1,1,False,False,2.5709335642598568,1.3122297800060232,2.628486602911853,1.2546767413540263,2.7193434982697244,1.1638198459961555,0.1334948631817264,0.1584799079171271,0.1482956233571835,0.7122964892352336,0.7035299818893165,0.7964800190609191,-0.06272890409994959,-0.0570212184935585,-0.05328909447052438,-0.2712329640363229,-0.2962458903943285,-0.24563989732176222,0.14840993400986768,0.09085689535787078
13069,6,2,True,True,-0.14749818886293298,0.17440922846641846,-0.1078020999559357,0.1347131395594212,-0.31863399101557555,0.345545030619061,-0.2743642404475328,-0.253097155024276,-0.5520166833628647,0.18385046722858123,0.2565720287633889,0.3893401851728926,0.09410944596524587,-0.0331300575657237,0.004812709390122211,-0.40584313457888654,-0.3238208664597076,-0.583603136496639,-0.17113580215264254,-0.2108318910596398
13071,2,2,False,False,0.047632896715996964,-0.214414895246239,0.1309035781598799,-0.2976855766901219,-0.02900944172938258,-0.13777255680085945,-0.29262934659000917,-0.2273757788000176,-0.7676032196684393,0.138080036764277,0.1517644910783562,0.20836424762689726,0.09924356628875461,-0.0231122755645631,7.89759766471193e-05,-0.3715561766741957,-0.3072140119613185,-1.0548743614883431,0.07664233844537954,0.15991301988926246
13073,5,5,False,False,2.0702235288534965,0.21057013630609145,2.064025108865775,0.2167685562938128,1.8148164021098392,0.46597726304974874,0.17345431415556514,0.1745095147483261,0.12058114787239707,0.6906711873776318,0.6745531559490926,0.49770224825714643,-0.16965689088318459,-0.1440640592011994,-0.17190560451049586,-0.28229125397235333,-0.3149927980339024,-0.3946887634133305,-0.2554071267436573,-0.24920870675593593
13075,2,2,False,False,-0.07645021123746726,-0.7066278177182717,-0.0545500410843949,-0.7285279878713439,-0.3315859292187803,-0.4514920997369586,-0.294179900242792,-0.2467050616085377,-0.9137435126861487,0.13855407794369412,0.1623078541669522,-0.008725831559426786,0.10220441728471963,-0.0222532564607652,0.05784506308719235,-0.3876815581233493,-0.315331198908339,-1.9122396068772418,0.25513571798131307,0.2770358881343853
13077,1,1,False,False,-0.08504039290531828,0.4993375087762591,-0.0855857708931489,0.4998828867640897,-0.07149820361381623,0.48579531948475707,0.12807052262980323,0.1328643262166458,0.18141410989083903,0.6616662065144768,0.6414727773409589,0.8752119480600178,-0.08184710907182094,-0.0626144307545282,-0.04097091448685572,-0.2647326610109982,-0.2895273270692997,-0.13282975618610424,0.013542189291502027,0.014087567279332636
13079,5,3,True,True,-0.258857265467529,-0.6650884275854663,-0.3111650391972079,-0.6127806538557874,-0.7902803047133928,-0.1336653883396025,0.13018376595991552,0.0663305060276328,-0.2020276753696456,0.52637626121698,0.4850987727714826,0.4329352498266774,-0.1431040196476324,-0.1008517965042825,0.19854070091680293,-0.2811213396112004,-0.2815542257185432,-0.5282589477180482,0.5314230392458638,0.4791152655161849
13081,4,4,False,True,-0.046978390144440454,-0.11980360838580158,-0.0900167555533033,-0.0767652429769386,0.0369977499377894,-0.20377974846803143,-0.20673749606630237,-0.1296061747653405,-0.16236713339804887,0.22747658270304114,0.2414933742265814,0.015575293257168873,0.04896604422165302,-0.0460691953168134,-0.019740718148442887,-0.34192955340208103,-0.2948562354677919,-0.27905155368263745,-0.08397614008222985,-0.12701450549109283
13083,1,1,False,False,-0.31244863015538504,-0.206502528617998,-0.3686211373912716,-0.1503300213821114,-0.43757415136329525,-0.0813770074100878,0.11244578111755693,0.091174068002043,0.10226662788169982,0.7212957199961983,0.7018548855989524,0.7909459441660611,-0.03240726900833023,-0.0300280680949449,0.03227519745292007,-0.2590588922974669,-0.2972394641916207,-0.2513164876431342,0.1251255212079102,0.06895301397202361
13085,1,1,False,False,-0.3904514566730116,-0.022848954027429202,-0.3791661041713171,-0.0341343065291236,-0.4094695559908467,-0.0038308547095941003,0.14430968661371446,0.1763252888095193,0.23059614782013246,0.7254821580306119,0.7186844285305126,0.7253041012510315,-0.06153352473119508,-0.0597837279773415,-0.00574439646206959,-0.28305644542344893,-0.3020604701912469,-0.2994708920587358,0.019018099317835102,0.030303451819529502
13087,2,4,True,True,-0.00048277048759468033,0.13304455816402241,-0.0418263484966476,0.1743881361730753,-0.07748953408205667,0.2100513217584844,-0.25875486175074724,-0.2001345392578413,-0.1625717947492597,0.1312054325056645,0.1191367944336066,-0.0650265990858617,0.06939009323046555,-0.0188229569418639,-0.03291774486599234,-0.3690164136593893,-0.2925482579556132,-0.2874401086948945,-0.07700676359446199,-0.035663185585409096
13089,1,1,False,False,3.962669084615528,-0.13233111438611855,4.076696379792871,-0.2463584095634616,4.281251335962294,-0.4509133657328843,0.15307170900555664,0.2160626330102167,0.21361637753658705,0.7052985164948476,0.705274189854481,0.8005887496170339,-0.0873525000809293,-0.0749446184046203,-0.07869992711092028,-0.2806276518016383,-0.2968016482177502,-0.20910600526346432,-0.31858225134676577,-0.2045549561694227
13091,4,4,False,False,-0.4024315752090146,-0.11651958356436842,-0.3572547688286621,-0.1616963899447209,-0.30674124273206976,-0.21220991604131328,-0.20133260000293335,-0.1152997953013683,0.017572624201102206,0.30414937034548106,0.3661246384192115,0.49958109476471985,0.05670671586218601,-0.0703465004608917,0.03527733311104253,-0.3459146211158274,-0.3075244343476526,-0.21364631539133605,-0.09569033247694486,-0.050513526096592376
13093,4,4,False,True,-0.3028073671655909,0.04798307857456363,-0.3178690299278688,0.0630447413368415,-0.227483090306271,-0.027341198284756285,-0.12229829954661381,-0.0690806775798714,-0.15443695794760476,0.2930322601018972,0.2870701413090635,0.038846393055840714,-0.00114049506743699,-0.0609781147115045,-0.02292902249034473,-0.32394727897602266,-0.2880713343661716,-0.274445332145573,0.020641880289807346,0.035703543052085215
13095,2,4,True,True,0.6073594632387538,0.4584505990819978,0.415872827057992,0.6499372352627595,0.43505035771906797,0.6307597046016836,-0.22583084558495925,-0.1595869022133709,-0.1678411742535551,0.16805591612918858,0.1626494551069344,-0.04377294632736333,0.05080262061715755,-0.0321865368940241,-0.02966440364909391,-0.35575850585954066,-0.2886155261398556,-0.2850717784134176,-0.1723091055196858,0.01917753066107586
13097,1,1,False,False,0.7462813084244506,-0.5608941467115516,0.7949912325991567,-0.6096040708862577,0.6364388398015552,-0.4510516780886562,0.12633703041436772,0.1437519801714699,0.15898443476992544,0.6968469836525704,0.683411411452488,0.8434949931869774,-0.06510310579663554,-0.0557002371360317,-0.034251704375638514,-0.26566039686809984,-0.2931818291188841,-0.18355193887626103,0.10984246862289537,0.15855239279760147
13099,4,4,False,False,-0.04790308602584398,-0.2245296605773403,-0.1046043134908719,-0.1678284331123123,0.02795649875635861,-0.3003892453595429,-0.19095212820847934,-0.1523707960317247,-0.16226273720959106,0.1593420366870806,0.1440877541505921,-0.06096262880958132,0.023025477660362722,-0.028727031913356,-0.038065572779951755,-0.3669450969674805,-0.2792130718044153,-0.2841593943617465,-0.07585958478220262,-0.13256081224723062
13101,6,6,False,True,-0.7920680724048375,-0.30796220076972847,-0.5414220087691685,-0.5586082644053975,-0.9000512449030647,-0.19997902827150127,-0.28742592846376147,-0.2590518569756778,-0.3386101933372401,0.12887864111267935,0.1680266564096123,0.3421723710605866,0.09697703618847024,-0.013801630407656,0.1683399867716634,-0.4237348454267754,-0.3288968235084183,-0.4940337930296901,0.1079831724982272,0.3586292361338962
13103,4,4,False,False,-0.48447637145936817,-0.10490861936264317,-0.3818190447317696,-0.2075659460902417,-0.22302802061472704,-0.3663569702072843,-0.10452415953130025,-0.0791107545107082,0.19543728039871944,0.34367277479054587,0.3687287593458505,0.828125383374743,-0.04845161746653116,-0.0897482335940253,-0.015585389833662311,-0.42020266541006696,-0.3425814897037385,-0.19141162015653052,-0.26144835084464113,-0.1587910241170426
13105,1,1,False,True,0.01128875482375813,-0.5302399135971412,0.0758811980895263,-0.5948323568629094,0.09935732071367318,-0.6183084794870563,0.19430232874901915,0.2572435038437393,0.2773497336069242,0.7026970805778797,0.7098161983272174,0.7071098577872785,-0.12790838618871617,-0.1049774867094002,-0.08774011405521658,-0.32374357850420804,-0.3081730916561391,-0.33027476675166406,-0.08806856588991507,-0.02347612262414689
13107,3,4,True,True,-0.2587763009540207,-0.06648181968563488,-0.2591914923032867,-0.0660666283363688,-0.24226597347007353,-0.08299214716958206,-0.04543541505037036,-0.0428027827864727,0.1539897172969491,0.4602070586559329,0.436206210632278,0.7516142897744332,-0.0718146942681497,-0.1102102730872637,-0.0011930188565577315,-0.34985246469333997,-0.324562451878173,-0.19833666541501282,-0.01651032748394718,-0.016925518833213263
13109,4,4,False,True,-0.7841203948313649,0.37081998413092404,-0.7002581771604689,0.2869577664600281,-0.4582468142977295,0.04494640359728869,-0.15533060572401355,-0.1224689741558924,0.17579251993070394,0.3006531392670748,0.3375649340244417,0.7909399246319387,-0.009061130911333877,-0.0765417652402562,-0.004745474536947486,-0.42264638313721575,-0.3358925348726833,-0.19420120253444503,0.32587358053363535,0.2420113628627394
13111,1,1,False,False,-0.42138410280267247,-0.13278397199502479,-0.4354329108540307,-0.1187351639436665,-0.4769192530637653,-0.07724882173393194,0.13385098460848105,0.1441212481108469,0.220592001979408,0.7292420045454181,0.7170435846057489,0.7354420188341884,-0.048005478027006394,-0.0476807207958863,0.040765837285358986,-0.2762314573643847,-0.3027393147369598,-0.2756143410645099,0.05553515026109285,0.04148634220973456
13113,1,1,False,False,1.3719532810709252,1.2434010863196474,1.3721774587195084,1.2431769086710642,1.5737895608934998,1.0415648064970728,0.14418779995022815,0.1714982291771697,0.1953771204534285,0.6762142218852703,0.6676287839570001,0.8681733588043763,-0.09511689510648375,-0.0729981715200836,-0.06936469999130412,-0.2695091604154818,-0.2915903099234487,-0.13012852288490118,0.20183627982257457,0.2016121021739914
13115,1,1,False,False,0.4502366986589906,0.0344942492605782,0.4809462196694333,0.0037847282501354,0.3784299606927237,0.10630098722684506,0.11347840445622023,0.1023308435503066,0.11843398149034007,0.7119449914801982,0.6934548467178736,0.8117430214910504,-0.04076913495341713,-0.0369854699958551,0.01609674865822669,-0.2599734001458305,-0.2950573337071653,-0.2377519028188868,-0.07180673796626685,-0.10251625897670966
13117,1,1,False,False,0.030086779172105005,0.7892048709784478,0.0509061104062846,0.7683855397442683,0.039495998816387545,0.7797956513341653,0.1478680529865534,0.1890688193683216,0.22997045952811004,0.7226336906114519,0.7188278826833949,0.7241302480562383,-0.0674476328294142,-0.0640902410216465,-0.03348475585530308,-0.2839211505618181,-0.3010962230436265,-0.3057993251655834,0.00940921964428254,-0.01141011158989702
13119,1,1,False,False,-0.3314508954714837,0.07662660688045642,-0.272353829703023,0.0175295411119957,-0.278062947383605,0.023238658792577693,0.17081707066078072,0.2364223525579036,0.2706345146258726,0.7175098376077841,0.7132928433619644,0.6999235205445528,-0.0939751875440712,-0.0836467220494195,-0.05385108703898833,-0.3092060690336646,-0.306730086888302,-0.3342221742058387,0.05338794808787872,-0.005709117680581993
13121,1,1,False,False,2.4132866057727123,1.2233583263229693,2.512456298871458,1.1241886332242237,2.5605914793014386,1.076053452794243,0.1391477895513727,0.1787722496368846,0.17871736253351442,0.7012365228115125,0.6978616359441466,0.8287446754187295,-0.07597615432683968,-0.0651780099087474,-0.07212632271930242,-0.2729066045595567,-0.2949007795662696,-0.18793293541037362,0.14730487352872634,0.04813518042998077
13123,1,1,False,False,-0.4960628379158152,0.08276242721537436,-0.5078954093345222,0.0945949986340813,-0.5571514207067647,0.1438510100063239,0.13300062967628073,0.1443679013342714,0.20861011862591333,0.7273831908722834,0.7137212418769241,0.7395497752578708,-0.048857732747194994,-0.0480739770066988,0.032230076117001016,-0.27498931667056203,-0.3017344886494273,-0.27770601677169066,-0.06108858279094953,-0.049256011372242586
13125,5,5,False,False,-0.37280382258324074,-0.6215757025183828,-0.4520395255479794,-0.5423399995536441,-0.7538437659701456,-0.24053575913147796,0.1769415663978508,0.1542978628801297,-0.006852234614216534,0.7249394037791245,0.6747050592288352,0.4156462542615736,-0.1688343620535597,-0.1456541731422836,-0.06164134405029999,-0.2488468654669364,-0.3085541628557541,-0.5068108174985894,0.38103994338690483,0.30180424042216614
13127,6,6,False,False,0.661516705250191,0.914938639423115,0.5033201922293257,1.0731351524439805,1.0537085590382607,0.5227467856350454,-0.22784900049758994,-0.1902181348813525,-0.16330277229775852,0.19623146187117105,0.2756973234934718,-0.10050836520133277,0.04850226493241423,-0.0360457605172735,0.2771660184586171,-0.4638291739656618,-0.3446133886949695,-0.6854546990008434,0.39219185378806964,0.5503883668089351
13129,1,1,False,False,-0.19858862222031165,-0.10906104040718695,-0.206484775103482,-0.1011648875240165,-0.2921835631166315,-0.015466099510867082,0.12340538329246778,0.1229139698017323,0.12473935778599254,0.7222166695491343,0.7083131971276712,0.7705346154345998,-0.04402401034497141,-0.0426208922342989,0.009877440296894524,-0.2672206009218531,-0.2985286615178592,-0.27351799712475056,0.09359494089631987,0.08569878801314942
13131,2,2,False,True,-0.10201794867350916,-0.469758584136345,-0.0985668916907096,-0.4732096411191445,-0.24409290722775934,-0.32768362558209485,-0.28633225342302177,-0.2193676810915461,-0.8028982030719061,0.12234103985958758,0.1229529304958455,0.22172989964694279,0.0894733215609226,-0.0186493097220396,0.019410119207640825,-0.36908906996255536,-0.3001964446727568,-1.1415734529441153,0.14207495855425017,0.14552601553704964
13133,5,1,True,True,-0.4188692301188941,0.040785735442767534,-0.3454375372165226,-0.0326459574596039,-0.31082855215619853,-0.06725494251992803,0.21068494036433447,0.2502880450550921,0.2514258689346064,0.7216328209890474,0.7181813835021847,0.7761333336835866,-0.1549187976101848,-0.1278614471767497,-0.08981703629307831,-0.28803670957016764,-0.3030526254939886,-0.23573947354790978,-0.026469207077160495,-0.03460898506032413
13135,1,1,False,False,3.1403478914010536,0.1441278804514865,3.222377269991916,0.0620985018606243,3.2772426224231683,0.00723314942937181,0.15546802288138123,0.2154293241769235,0.23797427039801808,0.7179493263933935,0.7188410487705438,0.7320763012250854,-0.07916058911299848,-0.0720470046010416,-0.0737502936198996,-0.28651629913292553,-0.3000665648963805,-0.2943580238543151,0.1368947310221147,0.05486535243125249
13137,1,1,False,False,1.1009360700270165,-0.9155489083141175,1.121691864634284,-0.9363047029213848,1.0952135457238552,-0.9098263840109562,0.15625058662031907,0.201588323010688,0.25805714982971323,0.7249992437133775,0.7159230767397994,0.7099191141937986,-0.07415592857493734,-0.0696969338973606,-0.015799099395766902,-0.2974334824985092,-0.305916806955625,-0.31459350143833437,0.005722524303161336,0.026478318910428622
13139,1,1,False,False,2.152771296258145,-1.3686965621319063,2.1769970336176447,-1.392922299491406,2.1645165788065297,-1.3804418446802909,0.15433444619178563,0.2035244686105696,0.25249414424292016,0.7228620838633687,0.7175258840226569,0.7115443125332306,-0.07490404880503872,-0.0700325565997474,-0.03420064081095084,-0.2918535969699741,-0.3033000395501096,-0.316913207256661,-0.011745282548384584,0.012480454811115038
13141,5,5,False,True,-1.0989106603647585,0.36865800544549077,-1.0580559104650331,0.3278032555457656,-0.8978266279956888,0.16757397307642108,0.20349542449463873,0.1934759390531524,-0.11128763698372013,0.7425943286745987,0.6995877133859871,0.12111319762016573,-0.16909903794902426,-0.1424104831731239,-0.011746041057291197,-0.2478962587561841,-0.3019323171244975,-0.6037767974553977,0.2010840323690697,0.16022928246934454
13143,1,1,False,False,-0.05562161192601123,-0.5513718369081572,-0.059815625239978,-0.5471778235941903,-0.149454566003023,-0.4575388828311454,0.1109389744591697,0.1036104555995302,0.14449599224238344,0.692488277373548,0.6716766503061024,0.8435294781813175,-0.048474340043934236,-0.0424706801609101,0.007547930761438226,-0.2585696165072468,-0.2918795015965071,-0.1941145931853444,0.09383295407701175,0.0896389407630449
13145,3,1,True,True,-0.16830935316453183,0.6354318430719437,-0.215475139593216,0.6825976295006277,0.10136233032650176,0.36576015958091,0.11149725780634304,0.0507268358363622,0.19750246420336365,0.49228443040050784,0.4775215386766845,0.9036234352336985,-0.1069116950680754,-0.0692629583781265,-0.047429189458636056,-0.2985102855828813,-0.2800724621325641,-0.09052580691561038,0.26967168349103365,0.31683746991971773
13147,1,1,False,False,-0.2885769628962974,-0.03668115774335817,-0.2238098174181758,-0.1014483032214797,-0.19917516448110928,-0.1260829561585463,0.17850527417043666,0.2469750304899032,0.2772427310462853,0.710808434239557,0.7093748721742744,0.6961814585594701,-0.10718877056777464,-0.0928393175692454,-0.06864906953709986,-0.31673457250986853,-0.3082518979698981,-0.34233765730239774,-0.08940179841518814,-0.024634652937066612
13149,1,1,False,False,-0.5284656911616223,-0.395480001891373,-0.5656770690167615,-0.3582686240362338,-0.521358549675989,-0.4025871433770063,0.11214368467742031,0.0965457358153543,0.17244869178405614,0.6431399056813364,0.6113374461568372,0.880829648145921,-0.06836336661192689,-0.0523990755065811,-0.01645649151235412,-0.2611297758023615,-0.2872741774447417,-0.13481581848356622,-0.007107141485633295,-0.04431851934077252
13151,1,1,False,False,0.14548813814220535,-0.18901093058734814,0.1527820392526383,-0.1963048316977811,0.1657088472335849,-0.20923163967872768,0.17045613157610723,0.2095361566789283,0.21835936465089567,0.6849541909271225,0.683706306498652,0.8453752962046663,-0.11954185235752847,-0.0912511897922479,-0.08380061104924474,-0.2752807207091389,-0.2935372244075112,-0.14823557851960373,-0.020220709091379546,-0.012926807980946586
13153,3,3,False,True,0.8997756008869995,-0.010050118687818355,0.8480162523032786,0.0417092298959025,1.04377431829923,-0.15404883610004894,-0.03790751320613321,-0.022021117444796,-0.19828233338560508,0.39557514481532013,0.3490040785354702,0.388820988826965,-0.048075203248830585,-0.0830514409934448,0.17439611533198912,-0.30864016322060933,-0.2885469090769567,-0.5182164525002559,-0.14399871741223058,-0.11233960620414643
13155,2,2,False,False,-0.3167919668486581,-0.14933381788825367,-0.3545675022107311,-0.1115582825261807,-0.7381858042931158,0.27206001955620396,-0.2791669423674872,-0.2298456491189556,-0.5386031804446757,0.187805937181216,0.2476602614665082,0.379592303625762,0.10002732379677086,-0.0351226610625102,-0.02513820999624139,-0.37435671888452715,-0.3137420449346543,-0.4268284388076461,-0.12272620166795029,-0.16050173703002324
13157,1,1,False,False,-0.12143328655439922,-0.22143329209741336,-0.0649884852017659,-0.2778780934500466,-0.045659545618981334,-0.29720703303283125,0.16958626612232816,0.2371898577222647,0.2680532475971981,0.7194241112270494,0.7196559676822296,0.7038569315616006,-0.0921749689449988,-0.081937126692051,-0.07152831769432147,-0.30191580455578626,-0.3037739706274127,-0.3292902217672362,-0.07577374093541789,-0.019328939582784643
13159,5,1,True,True,-0.24491046605127148,0.218996131618286,-0.2212662712258288,0.1953519367928433,-0.09199641319161966,0.06608207875863417,0.20125060748910722,0.2373012146589276,0.235541062509579,0.7019781132567419,0.7068124100027449,0.8202514067540434,-0.1515923405575287,-0.1180044069535665,-0.08865048820167537,-0.27264977641517685,-0.2963938097562075,-0.17729251439960647,0.15291405285965182,0.12926985803420912
13161,6,4,True,True,-0.30577410878283173,-0.16035167595408006,-0.2330658931714352,-0.2330598915654765,-0.14476103388330783,-0.32136475085360394,-0.24092167529479497,-0.2075625136537187,0.10724719728862109,0.23603790594703186,0.3019391133525112,0.6661341784711909,0.06834448240257807,-0.0483602282827639,0.03433639751549239,-0.40774256822929644,-0.3256689162820377,-0.19836723239621964,-0.16101307489952388,-0.08830485928812745
13163,5,5,False,True,-0.8187759578568765,-0.017127445135333486,-0.8410552715885211,0.0051518685963111,-0.9076178343758201,0.07171443138361011,0.1283711274910196,0.1030682388664662,-0.018992317306539545,0.6756982655738554,0.6199542912583424,0.42763104851204475,-0.15493600969112714,-0.1398745389955494,-0.0693006486086472,-0.2638041118671178,-0.3134865252940328,-0.4718264094845769,-0.054586986248276625,-0.06656256278729901
13165,3,4,True,False,-0.2547931963545529,-0.3169833364553013,-0.2514830758909739,-0.3202934569188802,-0.30216845843746887,-0.2696080743723853,0.007090105973036057,0.0009379105186495,0.17084098610102394,0.5086288194575099,0.4721134121143504,0.7833859207468675,-0.10774645725185678,-0.121017024744256,-0.008068117695692184,-0.3398428986819683,-0.3282675156464927,-0.19640425176777143,0.04737526208291598,0.050685382546494906
13167,3,5,True,True,-0.7354390032284873,-0.3293743539217643,-0.7346659590881266,-0.330147398062125,-0.8275946728808551,-0.23721868426939652,0.0130051227298805,-0.0012714809158975,-0.054728323986246045,0.5560926298975953,0.4995470933452308,0.26649478806511334,-0.09080108685849525,-0.1206614459265322,-0.03188139768729887,-0.30334647448092644,-0.3145320348572574,-0.524538847202238,0.09215566965236777,0.09292871379272849
13169,5,5,False,True,-0.23481564187848072,0.42020280359137974,-0.2649608096523619,0.4503479713652609,-0.1636315247193727,0.34901868643227174,0.19318459362081722,0.1692545680842275,0.05041155823764096,0.680575703712294,0.6478402639356873,-0.012217465860441097,-0.1718475938889819,-0.1311809302414319,-0.1240201555249869,-0.24961035320227482,-0.2916521697953441,-0.5368987712871245,0.071184117159108,0.10132928493298915
13171,5,1,True,False,-0.2193747246818351,0.05259272615159308,-0.2077519800880631,0.040969981557821,-0.34498917044107136,0.17820717191082933,0.1757329909740061,0.1550013210150143,0.22151586589432706,0.6294082031091721,0.6109565258573636,0.8724728203166203,-0.14894064099134988,-0.1068131109124492,-0.08815943514265892,-0.2709063391062339,-0.2888619199934165,-0.11225004618236362,-0.12561444575923625,-0.13723719035300833
13173,6,6,False,True,-0.7746884558658813,-0.20208261122358506,-0.6567830793029493,-0.319987987786517,-0.9605402856300291,-0.016230781459437238,-0.2881821988314652,-0.2603800261344545,-0.41886442012738484,0.14030514621885484,0.1786111336011291,0.26979119816376074,0.09840027084753364,-0.0192973653511271,0.15430818561858844,-0.40754840529743097,-0.3230111866088496,-0.4283914602253107,0.18585182976414782,0.30375720632707975
13175,3,4,True,True,-0.11318338895927098,0.29857055067217,-0.1201800326152812,0.3055671943281802,-0.10278446589804809,0.2881716276109471,-0.0890161061788845,-0.0583696040040763,0.08731188467808529,0.4362629995107155,0.435872778542853,0.6269768378631932,-0.023466076184721515,-0.0992619154798499,0.014958912728629162,-0.32957429750769845,-0.3109394251009841,-0.20473155971204862,0.010398923061222864,0.01739556671723308
13177,4,4,False,True,-0.3762590283618138,0.8609899762813826,-0.263167087939533,0.7478980358591018,-0.22697148296168923,0.7117024308812581,-0.18844789315725072,-0.1307750390049082,-0.16775472057147542,0.20054355004627694,0.1898699168224235,-0.031265719871538575,0.029014221083507263,-0.0401074600871872,-0.029423690354020524,-0.3501975737078252,-0.2859250986749495,-0.2830469083559037,0.14928754540012457,0.03619560497784369
13179,6,6,False,True,0.9957907363622233,-0.5638851624791255,0.9719599083160289,-0.540054334432931,0.6056181873542841,-0.17371261347118627,-0.18649348063338628,-0.1474274624146132,-0.22768812264599375,0.250932381114582,0.3115771839503431,-0.1291120674569383,0.012967672518105515,-0.0594592078007826,0.3139950053099877,-0.4491890040019989,-0.34227287143071,-0.6558594331496589,0.3901725490079392,0.3663417209617448
13181,5,5,False,True,-0.7293284766534639,0.24559423390439478,-0.6972273224004867,0.2134930796514175,-0.7497540107157926,0.2660197679667235,0.20259333167282617,0.2241862409153207,0.159480165467285,0.7030836062404839,0.6996673379490618,0.483877067041944,-0.1619177109868188,-0.1332046354449851,-0.18439623828424617,-0.30261511284214077,-0.3114910191024789,-0.4097410165433286,-0.02042553406232872,-0.05252668831530599
13183,6,6,False,False,-0.5471955580213699,-0.4647924250924107,-0.3139009483963936,-0.698087034717387,-1.127447564758704,0.11545958164492331,-0.20617635937075737,-0.1678486016458002,-0.22610656571758644,0.23203459390350478,0.2977282989591898,-0.11408521803240539,0.030488689219393874,-0.0493178371175048,0.30551776221345517,-0.45154050728968054,-0.3413880556246382,-0.651847558761319,0.3493328434474874,0.5826274530724637
13185,6,2,True,True,0.11628013259649983,0.8262707236391525,0.0573422342144774,0.8852086220211749,0.8838221363795923,0.058728719856060096,-0.2918395859352729,-0.2594081088393392,-0.8878341740872678,0.13009249116946242,0.1590846116638062,-0.127155498091022,0.09980183372073662,-0.016696611974657,0.1167139721855932,-0.40697330925806957,-0.3225261897843282,-2.1326451143149225,0.7675420037830925,0.8264799021651148
13187,1,1,False,False,-0.0731291915377752,0.10004023114126068,-0.0482776231272373,0.0751886627307227,-0.08139238532626164,0.10830342492974712,0.1457099687786997,0.1739262092027433,0.23787807385447737,0.7286272257752814,0.7174702049405818,0.723075936712158,-0.059660179011831675,-0.0589283626336219,0.0059287530849039816,-0.28514501591936536,-0.303198528530302,-0.29717860094681053,-0.008263193788486445,-0.03311476219902443
13189,5,5,False,False,-0.3828312868108043,0.28648312032919054,-0.3445512214557691,0.2482030549741554,-0.2592123154544911,0.16286414897287732,0.19014671628293509,0.1904464139973443,0.09770387417628985,0.7147294239451718,0.6901347360680619,0.4769597777186752,-0.1690920203671122,-0.142706605805848,-0.14104684799199393,-0.2722407571718288,-0.310821270001246,-0.43464255286402426,0.12361897135631322,0.08533890600127808
13191,6,6,False,False,-0.8423863153089112,0.44669436262062734,-0.7938678084924726,0.3981758558041888,-0.5700528367838883,0.17436088409560446,-0.21027636610353356,-0.1693280660744424,-0.18256110180719243,0.2183985360149564,0.290778327331707,-0.13673630989689708,0.03303652653843322,-0.0439799452269636,0.29753561100224235,-0.4619265844214821,-0.345042899684413,-0.6856422499600754,0.2723334785250229,0.22381497170858433
13193,3,3,False,True,-0.12600496474751807,-0.023168575770566968,-0.142206473967225,-0.00696706655086,0.06683136432582461,-0.21600490484390966,0.0008063002607318764,-0.0147792987079651,-0.09676822973825028,0.376575893854972,0.3325817308016031,0.2327435211912979,-0.07381748928509796,-0.0738988991309645,0.05788214620495746,-0.31158796004612394,-0.2770006230901287,-0.5160810996361994,-0.1928363290733427,-0.20903783829304967
13195,1,1,False,False,-0.22978802544787025,0.01018065288115691,-0.1635659738791889,-0.0560413986875244,-0.18421342000170393,-0.03539395256500941,0.18110435603156946,0.2571978188297641,0.27705473435929484,0.7133202065412096,0.7147096253520909,0.7010742186354815,-0.10880468974831413,-0.0938277483262086,-0.08375070482843683,-0.3123402171081408,-0.3060203737858115,-0.33588352905260627,-0.025213299683852497,0.02064744612251499
13197,3,3,False,True,-0.6058331931625363,-0.5118055380241866,-0.5600740581295558,-0.5575646730571671,-0.7586621149569501,-0.3589766162297727,0.03642224956153959,-0.0090870245556582,-0.21523822418654726,0.36051508714963476,0.3448860382978655,0.2013669248706512,-0.09509744153165454,-0.0679053316052146,0.03787302324414776,-0.32677468788035413,-0.2719485174774824,-0.4160824024533839,0.15282892179441387,0.19858805682739433
13199,1,1,False,True,-0.49227286520305824,-0.2555882477283665,-0.4782133471102627,-0.269647765821162,-0.49959484177393043,-0.24826627115749433,0.1402734582050383,0.1080645671932344,0.19802801787185564,0.600563867881176,0.573806308066432,0.8928699410127168,-0.11104986600375565,-0.0761688236505069,-0.05777703995795763,-0.271906354001517,-0.2858105813322529,-0.1009093007172187,0.007321976570872191,0.021381494663667677
13201,2,4,True,False,-0.7092799476628672,0.22554570491379805,-0.5618532042050747,0.0781189614560055,-0.4413824497068881,-0.04235179304218101,-0.22897394195490328,-0.1708547331403236,-0.1625344567269833,0.13816556305493657,0.1311854530540991,-0.062145393235995765,0.0466383472104356,-0.025079815039254,-0.036080492809361105,-0.36208163228538465,-0.2845521577816491,-0.28538627655362425,0.18319391187161704,0.03576716841382449
13205,2,2,False,True,-0.04906496761530291,-0.5051031071823944,-0.1343340540978663,-0.4198340206998309,-0.37622968038244176,-0.1779383944152555,-0.2648012557035266,-0.1985281152999312,-0.7165942332025437,0.14059185790569512,0.1359262601935872,0.2537790709939815,0.07572207433035512,-0.0238209793773388,0.017306796252832768,-0.36511666456742486,-0.296009331732879,-0.8374087903484622,0.3271647127671389,0.2418956262845754
13207,5,1,True,True,-0.008187336931508415,0.352050620753821,-0.0202149213214302,0.3640782051437428,0.042393319317557604,0.30146996450475494,0.1862875335882543,0.1635242989436971,0.22887746856465116,0.6430225668688934,0.6204170320321098,0.8578731259940731,-0.16317283329531346,-0.1173541900577511,-0.0906512679132705,-0.2647520370203634,-0.2897549271095441,-0.12916730458703501,0.05058065624906605,0.06260824063898784
13209,4,4,False,False,-0.5200838002454305,0.3709102597273455,-0.4045419859141647,0.2553684453960797,0.09390220438489202,-0.24307574490297706,-0.18357035275782518,-0.1468767677421002,0.12713193540662637,0.30064206589949305,0.3463304811945497,0.7017014240611421,0.021071984965633554,-0.0729227304456176,0.01457506179260748,-0.392497804349593,-0.323913121223459,-0.19944838424367048,0.12783451482436842,0.01229270049310266
13211,5,1,True,True,-0.059262908613955084,0.06856549020528357,0.0087931153805859,0.0005094662107424,-0.00861622287261346,0.017918804463941947,0.20814653485280094,0.2655368284973668,0.24427637826497367,0.7169108165362097,0.7215025825930333,0.7890042017113156,-0.14632851770348493,-0.1157857417837946,-0.08805713005169558,-0.2892054420625728,-0.3003410311708807,-0.2180777940080828,0.050646685741341624,-0.017409338253199548
13213,1,1,False,False,-0.3674521619914428,-0.5917104470858666,-0.3780033548707694,-0.58115925420654,-0.4517194644601949,-0.5074431446171146,0.12768849186053433,0.1287148231109981,0.18453066140364432,0.7285866085365931,0.7095573572940644,0.7500050152050701,-0.0422486716866541,-0.0422482942121981,0.04165577945585636,-0.27010497077969076,-0.3007102985065371,-0.2683184195995268,0.08426730246875203,0.07371610958942543
13215,3,3,False,True,1.5578414451789493,-0.5624652149068256,1.3802627333907544,-0.3848865031186307,1.1440385687432846,-0.14866233847116084,0.07352084652921058,0.0126492012527478,-0.270917921570698,0.401373932882348,0.3942616386939563,0.2272037475718532,-0.10494499476675298,-0.0665071077560622,0.06239989704136695,-0.32641275805253145,-0.2751788807540294,-0.3866397921599022,0.4138028764356647,0.23622416464746987
13217,1,1,False,False,-0.04496253645119677,-0.20986175213983052,0.0174228162066116,-0.272247104797639,-0.013131429523540072,-0.24169285906748722,0.18272136019011903,0.2576865082548323,0.2340696480559096,0.7043260935431518,0.7183754211863017,0.8012420068110059,-0.12056823013008175,-0.09834837716367,-0.0849295087981159,-0.288236180288699,-0.2980294338170987,-0.20251599688294733,-0.0318311069276567,0.030554245730151752
13219,1,1,False,False,-0.037171783344850495,3.1103460590515057,0.0180671882117389,3.055107087494916,0.010879900824492805,3.0622943748821623,0.19398515530142213,0.270643219916128,0.25560390315541387,0.7134147365136129,0.7214399266350295,0.7481973701832195,-0.12271743273806102,-0.1009363188335621,-0.08564839014736655,-0.30822725333614165,-0.3031154285048072,-0.2720208124995167,0.04805168416934347,-0.007187287387246055
13221,1,1,False,True,-0.4190646127179226,0.7453194385280781,-0.3549883020097114,0.681243127819867,-0.3453936118490705,0.6716484376592261,0.20021620099554074,0.2617130371990861,0.2632395279122187,0.708583398382353,0.71458032424932,0.7388752842581727,-0.1363230351509773,-0.1129403767077922,-0.08833861841687475,-0.313687674708245,-0.3058544821928483,-0.2860050789435897,0.07367100086885203,0.00959469016064085
13223,1,1,False,False,-0.3070007419105234,-0.28238424891148795,-0.3283710656648522,-0.2610139251571591,-0.35399760862219726,-0.2353873821998141,0.1216094931521004,0.1290772003031934,0.13647352528216,0.707677192483305,0.6949743943667495,0.8197897127350666,-0.053286794901378054,-0.0478454353508862,-0.01303834953412486,-0.26439387508992523,-0.2946342553187924,-0.22364881506428802,0.04699686671167386,0.02562654295734501
13225,3,3,False,False,0.22449716527221317,0.5243606528297113,0.1793173575476071,0.5695404605543174,0.3651598982116294,0.3836979198902951,0.07057931747683238,0.030059202348117,-0.20666272704678634,0.47545415927389423,0.4230253359065496,0.4356732350320276,-0.11232528570736339,-0.0955093097313628,0.19691147002606674,-0.291597272453863,-0.2812397148622222,-0.517662301720379,0.14066273293941622,0.18584254066402228
13227,1,1,False,False,-0.6367206048959533,0.2938540262441407,-0.6398629859481638,0.2969964072963512,-0.6939238861670178,0.35105730751520525,0.13439096945230755,0.1516686148991218,0.19422158173959253,0.7240868628542535,0.7108497914760185,0.7430575646591264,-0.05328217594855511,-0.0515005450613196,0.007455278089583461,-0.2751353528284479,-0.3002802136629898,-0.28588723688116197,-0.057203281271064554,-0.05406090021885407
13229,6,6,False,False,-0.44605232671061307,-0.37224261826944,-0.3359659094759338,-0.4823290355041192,-0.6207680806196201,-0.19752686436043299,-0.24862557088237885,-0.2177925982354731,-0.3154076212676314,0.19013484365748556,0.2678266583016822,0.1633212191606541,0.06855333979806986,-0.0307276235971648,0.18863082540303416,-0.4403104309825702,-0.3349518291099599,-0.49468088895908746,0.174715753909007,0.2848021711436862
13231,5,1,True,False,-0.24007767103805489,-0.04996353357728639,-0.2912470300537952,0.0012058254384539,-0.08120306672023928,-0.208838137895102,0.1611617520204919,0.1387213474433344,0.2122075599191594,0.6208312644900038,0.6005415276922185,0.8890104944581979,-0.13206313831823432,-0.0929203113560173,-0.0838936127452411,-0.27226458939227766,-0.2878829501836795,-0.09473149599111694,-0.1588746043178156,-0.2076323124566481
13233,1,1,False,False,0.07929105123904356,-0.8095437061583113,0.0759092557298914,-0.8061619106491592,0.03229775700102551,-0.7625504119202933,0.11327537488097777,0.1061526039111232,0.1317945769061168,0.7042822747092016,0.686606546611967,0.8255902610618775,-0.0451585879326529,-0.0405731998030454,0.010610269435254338,-0.2599066096087535,-0.2937333441551199,-0.219214995309964,0.04699329423801801,0.04361149872886594
13235,4,4,False,True,0.15814059636365022,-0.201663388808793,0.206522029990325,-0.2500448224354678,0.16399357455546312,-0.2075163670006059,-0.17622672215012905,-0.0929955220615688,-0.08587762735828436,0.3019771513824786,0.3279785510143366,0.2382977185171545,0.04230283375715879,-0.0663793447568428,0.003812711309908387,-0.33156576902038265,-0.299304852666428,-0.25110239870495044,-0.005852978191812908,0.04252845543486186
13237,5,5,False,True,0.618306485057478,-0.48574469738105025,0.6469430755928725,-0.5143812879164447,0.1022719553970646,0.030289832279363132,0.21063782909531129,0.2315016244392832,0.02764478032096918,0.725437519662864,0.7145509055548527,0.06016876365600201,-0.16457645753033345,-0.1351219321510756,-0.10742854891712295,-0.2626295040584544,-0.2989601087662706,-0.5358246684593007,0.4554548651016871,0.48409145563708156
13239,4,4,False,False,-0.574584089932356,-0.0676262749261265,-0.4745293588897032,-0.1676810059687792,-0.5190558049497677,-0.12315455990871482,-0.07614468966224244,-0.0890549492167242,-0.1630355144669462,0.22196667111610865,0.219456271376763,-0.0534836421051013,-0.04612359715472146,-0.0447411507385561,-0.041213750340487826,-0.3676369811418684,-0.2672652263518185,-0.28107937582037823,-0.05552828498258833,0.04452644606006437
13241,1,1,False,False,-0.06467230814213004,0.17962563780640078,-0.04164396050946,0.1565972901737307,-0.07975318955035426,0.194706519214625,0.15403902501244116,0.1936305240299512,0.25726287383183394,0.7262854607044389,0.714191308096006,0.712063883781093,-0.07043854888615086,-0.0667894060508717,-0.0026066495069242135,-0.29711453357827877,-0.3069698505107766,-0.30839533039535877,-0.015080881408224223,-0.03810922904089431
13243,4,4,False,False,0.02024868069593752,-0.8913689997124618,-0.0554267800103573,-0.8156935390061668,-0.04777322051178129,-0.8233470985047429,-0.11292877985960625,-0.1028409460807737,-0.16437322329627985,0.20351464921053097,0.2018264594568125,-0.05003408249585922,-0.025084813748753827,-0.042780266330918,-0.03854787817231732,-0.3603623094475749,-0.2717655218713069,-0.2819010528476307,0.0680219012077189,-0.007653559498576046
13245,5,5,False,True,1.6409464292028777,-0.5223109928456549,1.6864087799270242,-0.5677733435698014,1.5990159517786746,-0.48038051542145177,0.13993707226074717,0.1315656080461591,0.08699374455931011,0.6614952699569985,0.6327003321510308,0.5025125892001536,-0.16517125976357824,-0.1419748682408202,-0.15584022109014506,-0.28294723853105,-0.3180066820008994,-0.3929874644472827,0.04193047742420308,0.08739282814834959
13247,1,1,False,False,0.8991276604148375,0.36037544003964195,0.9739897699906624,0.2855133304638171,0.9728101516875354,0.28669294876694407,0.1665884963885013,0.249002877608593,0.22792537682443914,0.7051050627402149,0.7133922740224836,0.7966361886953917,-0.10156149757230888,-0.0852282016252207,-0.08185246471482241,-0.28591829997654555,-0.2977029105953019,-0.20988428908843967,0.07368249127269788,-0.0011796183031269614
13249,3,3,False,True,-0.6401063231459827,0.12115516437259966,-0.5767807069911932,0.0578295482178101,-0.7667851774607213,0.24783401868733823,-0.02270931726481777,-0.0384979464394501,-0.14124840605315764,0.3162378718741433,0.2981258114199977,0.16768231916082646,-0.06688194500021542,-0.0633140027877217,0.0043068283486050185,-0.33105765711175894,-0.2723684004253921,-0.45957444246971646,-0.12667885431473858,-0.19000447046952812
13251,3,4,True,False,-0.43545152105557255,0.02215111035513173,-0.426352309854826,0.0130518991543851,-0.2358194255428706,-0.17748098515757021,-0.012317420500807967,-0.0076937366434607,0.18484733990783303,0.46378608199410404,0.4479260445922234,0.8095446656198009,-0.1041976667394642,-0.1163884818547498,-0.012863460284749717,-0.36434162113410795,-0.334904348840275,-0.19402002577656394,-0.15532987480243848,-0.16442908600318512
13253,2,4,True,False,0.24930072914214838,-0.8034688039398457,0.249464564164099,-0.8036326389617963,-0.4114983945992757,-0.14266968019842158,-0.245309788638181,-0.184019211943608,-0.16045667643023448,0.12612278028235943,0.1167286491412972,-0.06702694039877409,0.05682579664573158,-0.0213713100250973,-0.03679023733879843,-0.36456747883150475,-0.2867617669063325,-0.2859615474904137,0.6607991237414241,0.6609629587633747
13255,1,1,False,False,0.12813554469226587,-0.10122450508878039,0.1601617772532832,-0.1332507376497977,0.027968202931521663,-0.0010571633280361849,0.17057648135248923,0.1814979368891409,0.21501444911241277,0.6657301129901574,0.651899532226868,0.8664040239597418,-0.12970856635466502,-0.0925989212364504,-0.08414334379863025,-0.2692732272981194,-0.2911700382774165,-0.12224684703837208,0.10016734176074421,0.13219357432176151
13257,1,1,False,False,0.28637681942859905,0.0927033804180275,0.3371788748632147,0.0419013249834118,0.34759648425710743,0.03148371558951912,0.16720047230717278,0.2255075893002357,0.26687129386704117,0.7198557086783126,0.7131604738040561,0.7026987609000349,-0.08733669566793054,-0.0788782740017503,-0.039110843481089064,-0.3075192013084509,-0.3069406051824002,-0.3281935052602313,0.06121966482850838,0.010417609393892677
13259,4,4,False,True,-0.7795052957802111,0.26055413700682806,-0.6716168781945673,0.1526657194211842,-0.522611251501261,0.0036600927278779283,-0.026404853705222855,-0.0558239753430227,-0.16426794235684,0.27119135475294254,0.2679957739414971,-0.04421794845287188,-0.0701413886190629,-0.0531269010261067,-0.04049450902432643,-0.3563840289834605,-0.2663611182460407,-0.27983091010366357,0.25689404427895013,0.14900562669330628
13261,4,4,False,True,0.07031800725619308,0.8017990169308311,0.0116845836852191,0.860432440501805,0.06429620240587364,0.8078208217811506,-0.09533402561507508,-0.07583862587946,-0.16560809139403115,0.26532909285855943,0.2461589646622861,-0.01992002679080522,-0.02688962619191593,-0.0533239911760524,-0.03226202707869921,-0.33996881309731736,-0.2774465185457234,-0.2799405311808857,-0.0060218048503194455,0.05261161872065445
13263,3,3,False,True,-0.7468488259660591,0.06942154508326237,-0.7075762692193834,0.0301489883365867,-0.6560481330895492,-0.021379147793247455,0.12601374109513352,0.0582307131046758,-0.2642844315228061,0.508194920949652,0.4789345524091936,0.18502598579874557,-0.12490949306017234,-0.0844212497067166,0.09298177179669592,-0.2872002220522476,-0.2807550192133566,-0.4487863776266159,0.048042397290014915,0.008769840543339246
13265,5,5,False,True,-0.6258060087133477,-0.3157481423518047,-0.5867219069367691,-0.3548322441283833,-0.8054954954417383,-0.13605865562341413,0.20883708757410455,0.2197334402045951,0.04108605882543384,0.7284531495409918,0.706818564781736,0.4118266312276094,-0.1649579256544008,-0.1364610946926931,-0.06738832844515306,-0.2751484873487573,-0.3058024972074953,-0.5409528211063678,0.17968948672839058,0.2187735885049692
13267,4,6,True,True,-0.11377600213349301,-0.6693020268222458,-0.0194800192292163,-0.7635980097265225,-0.5316400773962142,-0.25143795155952464,-0.18068889611261496,-0.143202445355939,-0.3118953746416573,0.27948013136497346,0.3263851654017215,-0.07920218154677033,0.011687952747416283,-0.0686521022001855,0.32142392876135056,-0.4226134366036724,-0.3332520978309981,-0.5747059693737739,0.4178640752627212,0.5121600581669978
13269,3,3,False,True,-0.5810303244805777,-0.09639695640221901,-0.5745294647891303,-0.1028978160936664,-0.7618139361368236,0.08438665525402689,0.09651703048215077,0.0336569811689098,-0.13536752978231537,0.4621831844058369,0.4239205806312524,0.11327654164913475,-0.12059320760501549,-0.0846130295781736,0.059959272690186804,-0.2928550173416898,-0.278087355972973,-0.5628616257318879,0.012010301148192126,0.01851116083963951
13271,2,4,True,True,-0.4681573719203407,0.05485696121989986,-0.5364622137991655,0.1231618030987246,-0.43821337777640146,0.024912967075960635,-0.2591213038712235,-0.2104516793879107,0.03615770417028859,0.24056000913849185,0.3132076638074797,0.5410316270484802,0.09264121050987982,-0.0497154104022245,0.05628760827847801,-0.3770689623526818,-0.3176558721456661,-0.20405982576294263,0.029943994143939223,0.09824883602276396
13273,4,4,False,False,-0.037894507314592776,-0.26975515531290584,-0.1263056082013941,-0.1813440544261044,0.0063792487291267075,-0.3140289113566253,-0.14177575031361248,-0.1121294245553933,-0.1662500055049455,0.21056222797523272,0.1964564657730418,-0.04157776455970798,-0.0036747816453943268,-0.0414095435698905,-0.034611482548551925,-0.3550998534561361,-0.277167360167018,-0.2824183631221516,-0.04427375604371947,-0.1326848569305209
13275,2,2,False,False,-0.06899411071133732,0.5008996845944351,-0.1163830833600244,0.5482886572431223,-0.13755889045926784,0.5694644643423656,-0.2980020452571166,-0.2325139377838038,-0.8728373245811537,0.12247530222940894,0.1301039912386822,0.18281438780443174,0.10054831875529874,-0.0182189399944038,0.025676130590132677,-0.3764003558838984,-0.3076754505424113,-1.4077923046046938,-0.06856477974793052,-0.021175807099243382
13277,2,2,False,False,0.1869743296071072,0.3505819923489329,0.2502541646592413,0.2873021572967987,0.20057855628484889,0.3369777656711912,-0.28653109628360063,-0.2265594860921986,-0.6229428720449586,0.16283304479442787,0.1931642900614276,0.3431733623522953,0.10026947408710911,-0.0309925539316545,-0.04603174629911837,-0.3696663641558559,-0.3095942706880233,-0.5171621140728125,0.013604226677741693,-0.0496756083743925
13279,4,4,False,True,0.2860120620017943,-0.20627564836183754,0.2313968465993234,-0.1516604329593666,0.25968808067172816,-0.1799516670317714,-0.17397941558368546,-0.1414712048617913,0.14827402165811593,0.29909513043745056,0.3385754858912624,0.7403363190649184,0.01018274399532523,-0.0734735498633368,0.007430108757658926,-0.40618641310458053,-0.3285490684689613,-0.19742100213941918,0.026323981330066137,-0.028291234072404803
13281,1,1,False,False,0.05933142090953525,0.020404992730421512,0.0653949456801654,0.0143414679597912,0.031175266449903427,0.04856114719005333,0.14659161844609803,0.1755791818078888,0.24898319378621475,0.7291360207540136,0.7162703156231323,0.7188939275773883,-0.061105297829728386,-0.0595360687525185,0.015463311903039512,-0.2892250960194367,-0.3055801681387894,-0.2961085646261291,-0.02815615445963182,-0.03421967923026213
13283,3,4,True,True,-0.21215797063874678,-0.6061369743413063,-0.2478580644452206,-0.5704368805348324,-0.3169111928481956,-0.5013837521318575,-0.11577859942644847,-0.0924475460851,0.13086090706632184,0.3879085294632814,0.3996477813593088,0.7084864361806421,-0.022949594026609576,-0.0950172631572835,0.007881598447029903,-0.3621538099932248,-0.3209299518660886,-0.2003118710622983,0.10475322220944883,0.06905312840297495
13285,1,1,False,False,0.2967510501012783,0.1703714398061335,0.2862777117243769,0.1808447781830349,0.18858759121444058,0.2785348986929712,0.11761109358765923,0.0840176727127929,0.1844307575874089,0.5959203764103647,0.5632961237094668,0.8914010235800238,-0.0857058952860881,-0.0598365618225811,-0.02920472684137615,-0.26872410423054915,-0.2846634885072606,-0.11420929604918965,-0.1081634588868377,-0.0976901205099363
13287,2,2,False,True,0.018421011122601083,-0.6782398339932406,-0.061242184427827,-0.5985766384428124,-0.5102661522845526,-0.1495526705860869,-0.262794239003549,-0.1800016130332946,-0.5615735785055225,0.1904128166944953,0.2200639284810914,0.3720179987125925,0.0864604346039019,-0.0385536856960665,-0.0721908090303191,-0.3531466034813295,-0.3027113608937392,-0.3601642218225394,0.5286871634071537,0.4490239678567255
13289,5,3,True,True,-0.7671207749793796,-0.3153010401830292,-0.7655698834501785,-0.3168519317122302,-0.9299148304526978,-0.1525069847097109,0.09864787184775528,0.0553740981227225,-0.2549933880647078,0.5823230167502654,0.5069423887702081,0.4863796306441394,-0.12767148333190903,-0.1173827248543643,0.24680644710576333,-0.2705614711884523,-0.2904117237347604,-0.5248471232363735,0.16279405547331827,0.16434494700251928
13291,1,1,False,False,-0.22985161446384028,0.08067807394575524,-0.2251373578864525,0.0759638173683674,-0.25905298712378116,0.10987944660569612,0.14382271489302134,0.1673664198757743,0.24103504355870986,0.7299232588591091,0.7161847703440077,0.7233767685357526,-0.0569873618168683,-0.0566655851481171,0.0195441094639906,-0.28508347947803314,-0.3042180274697352,-0.29160677830042114,-0.029201372659940883,-0.03391562923732873
13293,5,1,True,True,-0.05467763333939302,-0.28818894531241956,-0.0984857748671851,-0.2443808037846274,-0.1769108975788758,-0.1659556810729368,0.15293673597046992,0.0938804703567292,0.218236121107514,0.5594251702033087,0.5303392726424693,0.8964776544544073,-0.1409899009137239,-0.0976797643085291,-0.08818908991029042,-0.2781700976656473,-0.2839148232264657,-0.08305415165792956,0.12223326423948278,0.07842512271169061
13295,1,1,False,False,-0.005898266986569173,-0.4426190597381856,0.0210463992907979,-0.4695637260155528,-0.13999179107100845,-0.30852553565374635,0.11611436725189868,0.1013911256022027,0.10086164119651786,0.722413503401664,0.7036466938516223,0.7862102092436539,-0.03590485544026773,-0.0336821113733758,0.02231946369109361,-0.2616357115881261,-0.2976911483115987,-0.2589586989285436,0.13409352408443925,0.16103819036180644
13297,1,1,False,False,0.05028710805592285,-0.32271985465910713,0.1296271004361469,-0.4020598470393313,0.06961059997013394,-0.34204334657331825,0.17475445331958414,0.2645445070829439,0.243089625463767,0.7113904766200302,0.721913402187218,0.7661652324239903,-0.10628261814927217,-0.0903026346144343,-0.08294572701099417,-0.29455901551270186,-0.3005138324772526,-0.24800544607672337,-0.01932349191421112,0.060016500466013034
13299,6,6,False,True,-0.0827222928538745,-0.01362587362773926,-0.1395181938662922,0.0431700273846784,-0.16858004013173458,0.07223187365012082,-0.26836967392870476,-0.2439035335099456,-0.3011850471763948,0.15967378543572075,0.2294945898695373,0.35394498285276393,0.08415265489030875,-0.0243539598762907,0.13593224835823248,-0.4382116166017604,-0.3337736079536267,-0.49239588433264847,-0.05860600002238156,-0.02906184626544242
13301,5,5,False,False,-0.7909154843810196,-0.3971570788543315,-0.7934933830265471,-0.3945791802088039,-0.9031011444814366,-0.2849714187539144,0.19447910961217058,0.182706310352653,0.025188414581478663,0.7328990976948214,0.6938773763468958,0.4306757827363421,-0.17048731673115936,-0.1454257619348544,-0.0740026588081819,-0.25458731088335945,-0.3076719020063225,-0.5109258519431493,0.11218566010041708,0.10960776145488949
13303,5,5,False,False,-0.5696513542021248,0.3676524396475688,-0.5382208262848551,0.3362219117302991,-0.21004744614741802,0.008048531592862007,0.12348247438836472,0.0823207383179446,-0.06066916901237606,0.6895573596374391,0.612306062810647,0.22887298158189773,-0.1422050948008604,-0.1366117926207859,-0.027507298677606488,-0.2513261964420299,-0.3068271947871999,-0.5471980538459001,0.35960390805470677,0.3281733801374371
13305,6,6,False,False,-0.18859319990311707,-0.04862263067575326,-0.1903855142656124,-0.0468303163132578,-0.08884756966356638,-0.14836826091530395,-0.2303579831826556,-0.1930484750661457,-0.23164433544229257,0.207335540851577,0.2825267112295169,-0.06419949404627578,0.052090749276890475,-0.0395869964741136,0.28472525350093497,-0.4515271236606945,-0.33952524824818,-0.6318401338010545,-0.09974563023955069,-0.10153794460204615
13307,4,4,False,True,-0.7314745537924061,-0.22768805528490332,-0.6406478161948927,-0.3185147928824167,-0.4916444456481872,-0.4675181634291222,-0.07329779000974698,-0.0754264821248405,-0.16548389376426698,0.2511197699379894,0.2357164295468362,-0.03836841830767346,-0.044018397274455306,-0.0507512675552623,-0.0370419613575554,-0.3515727981751098,-0.2711247582458024,-0.28066443137460373,-0.2398301081442189,-0.14900337054670554
13309,4,4,False,False,-0.8031915411627915,0.38989113046235063,-0.7407766532994529,0.327476242599012,-0.5313385498912124,0.11803813919077161,-0.2124039479006641,-0.1573879419858781,0.09377832904468152,0.2850065344180891,0.3484759456454084,0.6409411856404181,0.04893527576522827,-0.0671751324843096,0.025351510981893657,-0.3783701962821306,-0.3190351970445226,-0.2018082401216428,0.271852991271579,0.20943810340824037
13311,1,1,False,False,-0.047366978239426094,0.5144894681468379,-0.0292604602652615,0.4963829501726733,-0.05526933134282663,0.5223918212502384,0.15032234338961814,0.187346084227765,0.24992466061756907,0.7273716591051608,0.7174211140376121,0.7159482324728623,-0.06620332570572651,-0.0637869890123302,-0.0022209341893130174,-0.29106228810381946,-0.3047086161228106,-0.30507263881561103,-0.007902353103400483,-0.02600887107756511
13313,1,1,False,False,1.0131909660361147,-0.8278038043232157,0.987729830510432,-0.802342668797533,0.9787005149090354,-0.7933133531961364,0.12233873147009001,0.1170696402015779,0.15292941998404042,0.7256584265818851,0.7088670473207216,0.7612817316608607,-0.03982148139327245,-0.0390196160294146,0.03895243331489717,-0.2666517499920809,-0.2996504159938098,-0.2639047894006188,0.03449045112707927,0.009029315601396637
13315,2,4,True,True,-0.8084986346000881,0.21911364377807674,-0.7557470148746359,0.1663620240526245,-0.538776241232431,-0.05060874958958039,-0.2465915340355939,-0.1624926864952238,-0.1222947829574867,0.23621350104204697,0.2887550162711625,0.15057043930616512,0.08489640496800274,-0.0493363047969811,0.004471005199693817,-0.3476384313061085,-0.3051794777300697,-0.26307880059531985,0.16850489418849635,0.11575327446304412
13317,5,5,False,True,-0.24008151924860746,0.1437333527669937,-0.1757153295651611,0.0793671630835474,-0.10144661458356011,0.005098448101946346,0.20682036741167567,0.2419718256387704,0.12851185593153266,0.7076042311509623,0.7084529574476677,0.45299863161691306,-0.15395722269604795,-0.1264106004712085,-0.14286384637651023,-0.30756722126688224,-0.3081096734404833,-0.4613300221352008,0.13863490466504735,0.07426871498160105
13319,5,5,False,True,-0.7201961363717714,0.3421126416956448,-0.7662249720319956,0.388141477355869,-0.7392250792820595,0.36114158460593293,0.1319178803212717,0.0800062565141412,-0.004615413563836726,0.6731321706352369,0.597400535244549,0.08794680744716787,-0.14014711232159702,-0.1313091623506246,-0.07365269760908011,-0.24878667295009785,-0.2970261446720365,-0.5548982354112738,-0.019028942910288116,0.026999892749936083
13321,2,2,False,True,-0.3391562563355191,-0.47913868864453396,-0.2859621230249784,-0.5323328219550747,-0.8149757759822798,-0.003319168997773292,-0.27434528356708376,-0.1953464928961505,-0.6501198394505713,0.1579784699873846,0.1700261359484656,0.33016394089756074,0.08770288024544479,-0.0297815695539273,-0.012132129099943954,-0.3591506187994845,-0.3011740461709442,-0.515621015222013,0.47581951964676067,0.5290136529573014
