delta,noise_sigma,response_sd_raw,gwr_bandwidth,mgwr_bandwidths,mgwr_error,initial_ari,refined_ari,initial_boundary_f1,refined_boundary_f1,refined_boundary_precision,refined_boundary_recall,refined_boundary_edges,refinement_iterations,refinement_stop_reason,gwr_rmse,mgwr_rmse,grgwr_rmse,oracle_grgwr_rmse,gr_minus_gwr_rmse,gr_vs_gwr_rmse_improvement_pct,gr_minus_mgwr_rmse,gr_vs_mgwr_rmse_improvement_pct,gwr_beta_rmse,mgwr_beta_rmse,grgwr_beta_rmse,oracle_beta_rmse,gwr_jump_recovery,mgwr_jump_recovery,grgwr_jump_recovery,oracle_jump_recovery
0.0,0.35,0.48937809961874873,624,624;624;624;624,,0.6307138692050293,0.645608986150999,0.10389610389610389,0.08035714285714285,0.08108108108108109,0.07964601769911504,111,3,no_label_changes,0.7380707477189739,0.7379736551316645,0.7296832476509255,0.7315272806821156,-0.008387500068048337,1.1364086835808243,-0.008290407480738948,1.1234015500539551,0.019589909836145444,0.01998116876825287,0.045355890514738866,0.04227201551199964,,,,
0.5,0.35,0.8990764314981446,88,624;60;60;49,,0.763355526149724,0.8477685037637027,0.26865671641791045,0.617100371747212,0.532051282051282,0.7345132743362832,156,3,no_label_changes,0.4192375186371653,0.40244199898225363,0.41598633275225017,0.3981790845556421,-0.003251185884915131,0.7754997442700049,0.01354433376999653,-3.3655368486015775,0.16651868069044914,0.15459864896173764,0.14552922371782698,0.02300916573226771,0.20342146673339156,0.23973282584617395,0.7933886464291664,1.013738590416506
1.0,0.35,1.518990884398145,60,317;36;44;37,,0.8636991524188528,0.9960642987856088,0.6188679245283019,0.9779735682819383,0.9736842105263158,0.9823008849557522,114,10,no_label_changes,0.29377136228808076,0.2650834056291574,0.23331559329984278,0.23567845871657683,-0.060455768988237985,20.579190741183716,-0.03176781232931461,11.984081860543428,0.17561574530078305,0.1593586247175417,0.04163805634850161,0.013618908994646966,0.25251267349796763,0.2909901683914025,0.9867297409005249,1.0068692952082527
1.5,0.35,2.17634453982225,56,261;29;37;25,,0.698959797088652,0.9128754632946948,0.18181818181818182,0.7593984962406014,0.6601307189542484,0.8938053097345132,153,4,no_label_changes,0.2573674636692971,0.2112392193642882,0.1898504368166643,0.16449299450937277,-0.06751702685263278,26.233707202161504,-0.021388782547623886,10.125384202797258,0.17789269093707596,0.15928287597131852,0.1443249793919517,0.009505387699323666,0.26080230594369846,0.3190730837670284,0.9223853701773104,1.0045795301388354
2.0,0.35,2.8453058143306533,54,220;29;37;21,,0.6900450768059081,1.0,0.0,1.0,1.0,1.0,113,14,no_label_changes,0.2433661563254941,0.18347573466442066,0.12581896421692768,0.12581896421692768,-0.11754719210856643,48.300550036772975,-0.05765677044749298,31.424738836962778,0.179315872498005,0.16566105559855032,0.007270571238467456,0.007270571238467456,0.26262966179341,0.3532911715918418,1.0034346476041265,1.0034346476041265
0.0,0.75,0.840990978980929,624,624;624;624;624,,0.6307138692050293,0.6324251982934134,0.10389610389610389,0.07894736842105263,0.0782608695652174,0.07964601769911504,115,5,no_label_changes,0.9203317504425704,0.9202106815733468,0.9080001782314867,0.9121724235885977,-0.012331572211083719,1.3399051162967806,-0.012210503341860135,1.3269247560768374,0.024427490272757202,0.02491536764626859,0.05978567074021179,0.052710770818554686,,,,
0.5,0.75,1.132278659912899,137,624;136;135;89,,0.7512493775620289,0.8931487366163393,0.23236514522821577,0.5236051502145923,0.5083333333333333,0.5398230088495575,120,5,no_label_changes,0.6784462806171309,0.6774651843019918,0.6732960189342951,0.6775088206397823,-0.005150261682835722,0.759125936713946,-0.004169165367696626,0.6154065868332723,0.15432067938895508,0.15250757684601451,0.11855238126490905,0.03915050625165516,0.15267699582575953,0.17120983564813222,0.5898269587640534,1.0294398366067983
1.0,0.75,1.6694284868125497,88,624;60;60;57,,0.8290499150587793,0.8774642994683576,0.4312267657992565,0.6962962962962963,0.5987261146496815,0.831858407079646,157,2,no_label_changes,0.47643143268321636,0.46117498198502666,0.45195313915341584,0.4595158076988763,-0.02447829352980052,5.137841848918554,-0.009221842831610816,1.9996407419841842,0.1810018287802846,0.16895826968115774,0.15469682156379438,0.02655356794478442,0.20370768236334816,0.23589472560594552,0.8691792965816104,1.014719918303399
1.5,0.75,2.2851860653759837,60,388;42;60;37,,0.8032275012733465,0.9175447800252375,0.32209737827715357,0.7293233082706766,0.6339869281045751,0.8584070796460177,153,5,no_label_changes,0.36020300322395216,0.34813382429864576,0.3361942617387068,0.3356964192703342,-0.024008741485245344,6.665336288248041,-0.011939562559938943,3.42958992393012,0.18134124548575295,0.17206670321891548,0.13670742081387094,0.019398544138348815,0.25274694380930574,0.2750518405411333,0.8917100170667225,1.0098132788689327
2.0,0.75,2.9304106548598514,60,349;36;44;37,,0.821786574124919,0.918767225577871,0.4377358490566038,0.7924528301886792,0.6907894736842105,0.9292035398230089,152,4,no_label_changes,0.31538610608180023,0.2865914619182882,0.27075917822717416,0.261782005959117,-0.044626927854626075,14.149934633788655,-0.015832283691114057,5.524338926617463,0.18302190249612663,0.1667325499652862,0.13153805586137005,0.015127327864447636,0.2525504344566658,0.29088401395362473,0.9697064050498141,1.0073599591516993
0.0,1.25,1.3321295960076114,624,624;624;624;624,,0.6307138692050293,0.6324251982934134,0.10389610389610389,0.07894736842105263,0.0782608695652174,0.07964601769911504,115,5,no_label_changes,0.9683626154086625,0.9682352281194707,0.9553874751804966,0.9597774643601548,-0.012975140228165927,1.3399051162967746,-0.01284775293897411,1.3269247560768183,0.025702327836697732,0.026215666868177424,0.0629058037540402,0.05546167440764325,,,,
0.5,1.25,1.535182541955056,251,624;237;189;251,,0.7628743740254583,0.8063199394348067,0.24786324786324784,0.36595744680851067,0.3524590163934426,0.3805309734513274,122,3,no_label_changes,0.8452347099774212,0.8425334554864317,0.8298314863877297,0.8328312307584419,-0.015403223589691484,1.8223605121591553,-0.012701969098701915,1.5075922523893737,0.13127357075552767,0.12966421178848858,0.13557689017273838,0.048125962811217574,0.10290560660881626,0.11214473670079379,0.3829411812323005,1.049066394344664
1.0,1.25,1.9670152479348026,121,624;113;111;89,,0.8572484752946623,0.9614802356092789,0.31759656652360513,0.765217391304348,0.7521367521367521,0.7787610619469026,117,3,no_label_changes,0.6538059224865959,0.6537458944053021,0.6390659514667889,0.6499939271938375,-0.014739971019806952,2.2544872282201065,-0.014679942938513157,2.2455120657954066,0.17096858318929398,0.16646275677789174,0.10262861033407109,0.03756053136859482,0.1622884753082383,0.17701197859900705,0.7907058540956534,1.0245331971723317
1.5,1.25,2.5123017147653024,88,624;88;60;57,,0.7677718785811927,0.8320084360964142,0.3468634686346863,0.583941605839416,0.4968944099378882,0.7079646017699115,161,3,no_label_changes,0.5170296634267464,0.5097577676917444,0.5173511917748873,0.5089149755943003,0.00032152834814092035,-0.062187601773157256,0.007593424083142897,-1.4896141980390019,0.18333381291523881,0.17545765399119523,0.17493062117118718,0.029408146914974134,0.20419174574913768,0.2262749401108004,0.7568165602060137,1.0163554647815545
2.0,1.25,3.1119637206011235,67,624;60;60;45,,0.7482205341716354,0.8709964867039754,0.15789473684210528,0.6273062730627306,0.5379746835443038,0.7522123893805309,158,3,no_label_changes,0.4232948266913086,0.4204835761310567,0.41118441048192544,0.4108492516771151,-0.012110416209383135,2.8609884755843615,-0.009299165649131247,2.21154075378984,0.18490738687842065,0.1755096860979623,0.1792480432818362,0.02374132366436715,0.23953396662308146,0.2508736847177722,0.7602916579991659,1.0122665985861659
0.0,2.0,2.09306221207393,624,624;624;624;624,,0.6307138692050293,0.6324251982934134,0.10389610389610389,0.07894736842105263,0.0782608695652174,0.07964601769911504,115,5,no_label_changes,0.9861031303986114,0.9859736065568748,0.9728902841024378,0.9773606983910461,-0.013212846296173586,1.3399051162967681,-0.013083322454436996,1.3269444909509653,0.026173197452075327,0.026696956320196155,0.0640582453463691,0.05647773869032029,,,,
0.5,2.0,2.2303062927705706,376,624;319;365;275,,0.6740837243134011,0.6505830837892472,0.058091286307053944,0.05063291139240506,0.04838709677419355,0.05309734513274336,124,4,no_label_changes,0.9303666587873376,0.9265569379235152,0.9066579939488072,0.9172178511980376,-0.023708664838530402,2.548314109776123,-0.01989894397470804,2.147622359755148,0.10387597684640822,0.10252421494846563,0.1367471819647578,0.05300232576093774,0.0817625458579104,0.09873259242095637,0.07815825769855657,1.0785062309514617
1.0,2.0,2.5490724327591074,185,624;173;166;219,,0.8493366726585787,0.9182676421555134,0.17872340425531913,0.540084388185654,0.5161290322580645,0.5663716814159292,124,4,no_label_changes,0.809171573547957,0.8129086954874153,0.790221460866809,0.8025180921023302,-0.01895011268114799,2.3419152749098493,-0.02268723462060629,2.790871194581472,0.14721705724589731,0.14562567598762974,0.11801625200141762,0.04637428860667702,0.12541890674818226,0.12487856419751116,0.5585896545542143,1.0392531154757314
1.5,2.0,2.991892669741531,121,624;136;111;89,,0.6988874663153489,0.8098254478517211,0.16666666666666666,0.4435146443514644,0.42063492063492064,0.4690265486725664,126,6,no_label_changes,0.6835476817957592,0.686390312515402,0.7003227219580264,0.6837400171661938,0.016775040162267163,-2.454114118008152,0.013932409442624416,-2.0298085780911697,0.1706817092724546,0.1677342674341172,0.19238479205733508,0.03951058200436963,0.16284927366609217,0.1741336360781939,0.46719385409534037,1.0261687436504874
2.0,2.0,3.512153270996871,88,624;113;79;66,,0.7321732811778623,0.8005022242610085,0.22388059701492538,0.4492753623188406,0.3803680981595092,0.5486725663716814,163,2,no_label_changes,0.5757393038333565,0.5864842167649106,0.5844289490969509,0.582456569381965,0.008689645263594392,-1.5093020757376583,-0.002055267667959715,0.3504387005155433,0.1810649706305094,0.17702073495904685,0.1857389491627743,0.03365781945004429,0.20528921241995038,0.20122937908342106,0.6007655163088333,1.0196265577378656
